project;version;class;bugs
Tomcat;6.0.389418;org.apache.jk.common.AprAcceptor;0
Tomcat;6.0.389418;org.apache.catalina.connector.RequestFacade$GetParameterMapPrivilegedAction;0
Tomcat;6.0.389418;org.apache.catalina.Role;0
Tomcat;6.0.389418;org.apache.catalina.mbeans.ClassNameMBean;0
Tomcat;6.0.389418;org.apache.tomcat.util.buf.ByteChunk$ByteInputChannel;0
Tomcat;6.0.389418;org.apache.el.parser.AstValue$Target;0
Tomcat;6.0.389418;org.apache.catalina.ant.JMXSetTask;0
Tomcat;6.0.389418;org.apache.tomcat.jni.Library;0
Tomcat;6.0.389418;org.apache.catalina.startup.Embedded;0
Tomcat;6.0.389418;org.apache.jasper.el.VariableResolverImpl;0
Tomcat;6.0.389418;org.apache.el.parser.AstFalse;0
Tomcat;6.0.389418;org.apache.catalina.deploy.LoginConfig;0
Tomcat;6.0.389418;org.apache.catalina.startup.SetSessionConfig;0
Tomcat;6.0.389418;org.apache.el.parser.NodeVisitor;0
Tomcat;6.0.389418;org.apache.catalina.util.XMLWriter;0
Tomcat;6.0.389418;org.apache.catalina.valves.RequestDumperValve;0
Tomcat;6.0.389418;org.apache.catalina.ssi.ExpressionParseTree$OrNode;0
Tomcat;6.0.389418;javax.servlet.ServletResponseWrapper;0
Tomcat;6.0.389418;org.apache.catalina.util.FastDateFormat;0
Tomcat;6.0.389418;org.apache.catalina.realm.MemoryRuleSet;0
Tomcat;6.0.389418;org.apache.jk.common.AprConnection;0
Tomcat;6.0.389418;org.apache.catalina.ant.DeployTask;0
Tomcat;6.0.389418;org.apache.coyote.RequestInfo;0
Tomcat;6.0.389418;org.apache.coyote.http11.Http11AprProtocol;1
Tomcat;6.0.389418;org.apache.tomcat.util.http.MimeHeaderField;0
Tomcat;6.0.389418;org.apache.jasper.runtime.JspContextWrapper;1
Tomcat;6.0.389418;org.apache.tomcat.util.buf.IntermediateOutputStream;0
Tomcat;6.0.389418;org.apache.catalina.ant.jmx.JMXAccessorSetTask;0
Tomcat;6.0.389418;org.apache.tomcat.util.buf.HexUtils;0
Tomcat;6.0.389418;org.apache.el.parser.AstDynamicExpression;0
Tomcat;6.0.389418;org.apache.coyote.http11.Http11BaseProtocol;0
Tomcat;6.0.389418;org.apache.el.parser.AstMinus;0
Tomcat;6.0.389418;org.apache.jasper.el.JspELException;0
Tomcat;6.0.389418;org.apache.catalina.startup.HostConfig$DeployedApplication;0
Tomcat;6.0.389418;org.apache.coyote.RequestGroupInfo;0
Tomcat;6.0.389418;org.apache.jasper.compiler.Generator$GenerateVisitor;0
Tomcat;6.0.389418;org.apache.catalina.session.PersistentManager;0
Tomcat;6.0.389418;org.apache.tomcat.util.digester.CallMethodRule;0
Tomcat;6.0.389418;org.apache.catalina.deploy.FilterDef;0
Tomcat;6.0.389418;javax.servlet.jsp.el.ELParseException;0
Tomcat;6.0.389418;org.apache.tomcat.util.threads.Expirer;0
Tomcat;6.0.389418;org.apache.jasper.tagplugins.jstl.core.If;0
Tomcat;6.0.389418;org.apache.coyote.http11.InternalOutputBuffer$1;0
Tomcat;6.0.389418;javax.servlet.jsp.el.ImplicitObjectELResolver$ScopeManager$5;0
Tomcat;6.0.389418;javax.servlet.ServletRequestAttributeEvent;0
Tomcat;6.0.389418;org.apache.jasper.compiler.Generator$GenBuffer$1;0
Tomcat;6.0.389418;org.apache.tomcat.jni.File;0
Tomcat;6.0.389418;org.apache.tomcat.jni.User;0
Tomcat;6.0.389418;org.apache.catalina.realm.MemoryUserRule;0
Tomcat;6.0.389418;org.apache.el.parser.AstFloatingPoint;0
Tomcat;6.0.389418;org.apache.tomcat.util.http.ServerCookie;1
Tomcat;6.0.389418;org.apache.jasper.runtime.ServletResponseWrapperInclude;0
Tomcat;6.0.389418;org.apache.naming.resources.FileDirContext$FileResourceAttributes;0
Tomcat;6.0.389418;org.apache.tomcat.util.net.jsse.JSSESupport;0
Tomcat;6.0.389418;org.apache.el.parser.AstGreaterThanEqual;0
Tomcat;6.0.389418;org.apache.jk.common.ChannelSocket$SocketAcceptor;0
Tomcat;6.0.389418;org.apache.catalina.ant.AbstractCatalinaTask;0
Tomcat;6.0.389418;org.apache.tomcat.jni.SSLContext;0
Tomcat;6.0.389418;javax.el.VariableMapper;0
Tomcat;6.0.389418;org.apache.catalina.realm.JAASCallbackHandler;0
Tomcat;6.0.389418;org.apache.catalina.authenticator.Constants;1
Tomcat;6.0.389418;org.apache.catalina.connector.ClientAbortException;0
Tomcat;6.0.389418;org.apache.jasper.compiler.Node$IncludeAction;0
Tomcat;6.0.389418;org.apache.catalina.mbeans.StandardEngineMBean;0
Tomcat;6.0.389418;org.apache.coyote.http11.Http11AprProtocol$Http11ConnectionHandler;0
Tomcat;6.0.389418;org.apache.catalina.session.StandardSessionContext;0
Tomcat;6.0.389418;org.apache.catalina.util.StringParser;0
Tomcat;6.0.389418;org.apache.catalina.ssi.ExpressionParseTree$GreaterThanNode;0
Tomcat;6.0.389418;org.apache.jasper.compiler.SmapStratum$LineInfo;0
Tomcat;6.0.389418;org.apache.tomcat.jni.Shm;0
Tomcat;6.0.389418;org.apache.jasper.el.ELContextImpl$VariableMapperImpl;0
Tomcat;6.0.389418;org.apache.catalina.core.ApplicationDispatcher;2
Tomcat;6.0.389418;org.apache.naming.resources.ImmutableNameNotFoundException;0
Tomcat;6.0.389418;org.apache.catalina.ssi.ExpressionParseTree$NotNode;0
Tomcat;6.0.389418;org.apache.jasper.runtime.PageContextImpl$4;0
Tomcat;6.0.389418;org.apache.catalina.startup.ContextRuleSet;0
Tomcat;6.0.389418;org.apache.naming.NamingContext;0
Tomcat;6.0.389418;org.apache.coyote.ajp.AjpMessage;0
Tomcat;6.0.389418;javax.servlet.jsp.tagext.BodyContent;0
Tomcat;6.0.389418;org.apache.jasper.compiler.Validator$TagExtraInfoVisitor;0
Tomcat;6.0.389418;org.apache.naming.JndiPermission;0
Tomcat;6.0.389418;org.apache.naming.factory.EjbFactory;0
Tomcat;6.0.389418;org.apache.coyote.http11.Http11AprProcessor;1
Tomcat;6.0.389418;org.apache.jasper.compiler.JspConfig$JspPropertyGroup;0
Tomcat;6.0.389418;org.apache.tomcat.jni.Time;0
Tomcat;6.0.389418;org.apache.catalina.core.ApplicationFilterChain$1;0
Tomcat;6.0.389418;org.apache.jasper.JspCompilationContext;4
Tomcat;6.0.389418;org.apache.jasper.compiler.ELFunctionMapper$ELFunctionVisitor$1Fvisitor;0
Tomcat;6.0.389418;org.apache.catalina.util.RequestUtil;1
Tomcat;6.0.389418;org.apache.tomcat.util.collections.LRUCache;0
Tomcat;6.0.389418;org.apache.jasper.compiler.Generator$1ScriptingVarVisitor;0
Tomcat;6.0.389418;org.apache.catalina.mbeans.StandardServiceMBean;0
Tomcat;6.0.389418;org.apache.tomcat.util.IntrospectionUtils;0
Tomcat;6.0.389418;org.apache.coyote.OutputBuffer;0
Tomcat;6.0.389418;org.apache.coyote.http11.Constants;1
Tomcat;6.0.389418;org.apache.catalina.connector.Response$1;0
Tomcat;6.0.389418;org.apache.catalina.util.ManifestResource;0
Tomcat;6.0.389418;org.apache.jk.common.ChannelNioSocket$SocketConnection;0
Tomcat;6.0.389418;org.apache.naming.resources.Resource;0
Tomcat;6.0.389418;org.apache.jasper.xmlparser.SymbolTable;0
Tomcat;6.0.389418;org.apache.jasper.runtime.ProtectedFunctionMapper$2;0
Tomcat;6.0.389418;org.apache.jasper.xmlparser.XMLEncodingDetector;0
Tomcat;6.0.389418;org.apache.tomcat.util.buf.StringCache$CharEntry;0
Tomcat;6.0.389418;org.apache.tomcat.util.http.MimeMap;0
Tomcat;6.0.389418;javax.el.FunctionMapper;0
Tomcat;6.0.389418;org.apache.tomcat.util.digester.SetPropertyRule;0
Tomcat;6.0.389418;org.apache.catalina.servlets.DefaultServlet;2
Tomcat;6.0.389418;org.apache.jasper.compiler.Node$JspRoot;0
Tomcat;6.0.389418;org.apache.catalina.security.SecurityUtil$1;0
Tomcat;6.0.389418;org.apache.tomcat.util.digester.ObjectCreationFactory;0
Tomcat;6.0.389418;org.apache.catalina.connector.RequestFacade$GetSessionPrivilegedAction;0
Tomcat;6.0.389418;org.apache.jasper.servlet.JspServletWrapper;1
Tomcat;6.0.389418;javax.el.BeanELResolver$ConcurrentCache;0
Tomcat;6.0.389418;org.apache.catalina.loader.StandardClassLoader;1
Tomcat;6.0.389418;org.apache.catalina.connector.RequestFacade$GetAttributePrivilegedAction;0
Tomcat;6.0.389418;org.apache.coyote.ActionHook;0
Tomcat;6.0.389418;org.apache.el.MethodExpressionImpl;0
Tomcat;6.0.389418;org.apache.tomcat.util.buf.Base64;0
Tomcat;6.0.389418;javax.servlet.jsp.tagext.TagData;0
Tomcat;6.0.389418;org.apache.tomcat.jni.Multicast;0
Tomcat;6.0.389418;org.apache.tomcat.util.buf.UTF8Decoder;0
Tomcat;6.0.389418;org.apache.catalina.realm.JAASMemoryLoginModule;0
Tomcat;6.0.389418;org.apache.naming.NamingServiceMBean;0
Tomcat;6.0.389418;javax.servlet.jsp.tagext.FunctionInfo;0
Tomcat;6.0.389418;org.apache.el.parser.ParseException;0
Tomcat;6.0.389418;org.apache.catalina.Authenticator;0
Tomcat;6.0.389418;org.apache.catalina.realm.GenericPrincipal;0
Tomcat;6.0.389418;org.apache.jasper.compiler.ErrorDispatcher;1
Tomcat;6.0.389418;org.apache.catalina.valves.AccessLogValve;0
Tomcat;6.0.389418;org.apache.catalina.ant.jmx.JMXAccessorTask;0
Tomcat;6.0.389418;org.apache.catalina.deploy.MessageDestinationRef;0
Tomcat;6.0.389418;javax.el.ELResolver;0
Tomcat;6.0.389418;org.apache.catalina.connector.Response$2;0
Tomcat;6.0.389418;org.apache.tomcat.util.buf.B2CConverter;1
Tomcat;6.0.389418;org.apache.tomcat.util.http.ValuesEnumerator;0
Tomcat;6.0.389418;org.apache.jasper.compiler.Node$DoBodyAction;0
Tomcat;6.0.389418;javax.servlet.ServletRequestWrapper;0
Tomcat;6.0.389418;org.apache.naming.resources.DirContextURLConnection;0
Tomcat;6.0.389418;org.apache.catalina.users.AbstractUser;0
Tomcat;6.0.389418;org.apache.catalina.connector.RequestFacade$GetParameterValuePrivilegedAction;0
Tomcat;6.0.389418;org.apache.tomcat.util.threads.Expirer$ExpireCallback;0
Tomcat;6.0.389418;org.apache.tomcat.util.net.jsse.JSSEImplementation;0
Tomcat;6.0.389418;org.apache.catalina.util.SchemaResolver;0
Tomcat;6.0.389418;org.apache.el.lang.ELArithmetic$LongDelegate;0
Tomcat;6.0.389418;org.apache.catalina.ant.InstallTask;0
Tomcat;6.0.389418;javax.el.ELContextListener;0
Tomcat;6.0.389418;org.apache.catalina.session.StandardSession$1;0
Tomcat;6.0.389418;org.apache.jasper.compiler.ELParser$Id;0
Tomcat;6.0.389418;javax.servlet.jsp.el.ScopedAttributeELResolver;0
Tomcat;6.0.389418;org.apache.jasper.runtime.JspRuntimeLibrary$PrivilegedIntrospectHelper;0
Tomcat;6.0.389418;org.apache.tomcat.jni.SSL;0
Tomcat;6.0.389418;org.apache.el.lang.ELSupport;2
Tomcat;6.0.389418;javax.servlet.jsp.el.Expression;0
Tomcat;6.0.389418;org.apache.el.parser.AstValue;0
Tomcat;6.0.389418;org.apache.catalina.core.StandardWrapperFacade;0
Tomcat;6.0.389418;javax.el.MapELResolver;0
Tomcat;6.0.389418;org.apache.catalina.servlets.WebdavServlet$Property;0
Tomcat;6.0.389418;javax.servlet.jsp.tagext.BodyTag;0
Tomcat;6.0.389418;org.apache.jasper.compiler.ELNode$Text;0
Tomcat;6.0.389418;org.apache.tomcat.util.net.SSLSupport;0
Tomcat;6.0.389418;javax.servlet.jsp.el.ImplicitObjectELResolver$ScopeManager$7;0
Tomcat;6.0.389418;org.apache.tomcat.util.http.BaseRequest;0
Tomcat;6.0.389418;org.apache.el.parser.AstIdentifier;0
Tomcat;6.0.389418;javax.servlet.jsp.tagext.Tag;0
Tomcat;6.0.389418;org.apache.catalina.connector.CoyoteInputStream$1;0
Tomcat;6.0.389418;org.apache.coyote.http11.filters.SavedRequestInputFilter;1
Tomcat;6.0.389418;org.apache.el.parser.ArithmeticNode;0
Tomcat;6.0.389418;org.apache.catalina.realm.JDBCRealm;1
Tomcat;6.0.389418;org.apache.jasper.compiler.ELNode;0
Tomcat;6.0.389418;org.apache.coyote.http11.filters.ChunkedInputFilter;0
Tomcat;6.0.389418;org.apache.tomcat.jni.Directory;0
Tomcat;6.0.389418;org.apache.jk.apr.AprImpl;0
Tomcat;6.0.389418;org.apache.el.parser.AstDotSuffix;0
Tomcat;6.0.389418;org.apache.tomcat.jni.Procattr;0
Tomcat;6.0.389418;org.apache.tomcat.util.net.AprEndpoint$Handler;0
Tomcat;6.0.389418;org.apache.el.parser.AstCompositeExpression;0
Tomcat;6.0.389418;org.apache.catalina.ssi.SSIMediator;1
Tomcat;6.0.389418;org.apache.catalina.startup.Tool;0
Tomcat;6.0.389418;org.apache.catalina.startup.NamingRuleSet;0
Tomcat;6.0.389418;org.apache.tomcat.util.digester.AbstractObjectCreationFactory;0
Tomcat;6.0.389418;org.apache.jasper.el.ELResolverImpl;0
Tomcat;6.0.389418;javax.servlet.jsp.tagext.SimpleTagSupport;0
Tomcat;6.0.389418;org.apache.jasper.compiler.SmapGenerator;0
Tomcat;6.0.389418;org.apache.naming.resources.jndi.Handler;0
Tomcat;6.0.389418;org.apache.catalina.startup.LifecycleListenerRule;0
Tomcat;6.0.389418;org.apache.tomcat.util.net.jsse.JSSE13Factory;0
Tomcat;6.0.389418;org.apache.el.parser.AstDeferredExpression;0
Tomcat;6.0.389418;org.apache.jk.common.MsgAjp;0
Tomcat;6.0.389418;javax.el.MethodNotFoundException;0
Tomcat;6.0.389418;org.apache.catalina.valves.Constants;0
Tomcat;6.0.389418;org.apache.coyote.http11.filters.IdentityOutputFilter;0
Tomcat;6.0.389418;org.apache.catalina.core.StandardEngineValve;0
Tomcat;6.0.389418;org.apache.jasper.compiler.JDTCompiler;0
Tomcat;6.0.389418;org.apache.jasper.runtime.PerThreadTagHandlerPool$PerThreadData;0
Tomcat;6.0.389418;org.apache.tomcat.util.threads.ThreadPool$ControlRunnable;0
Tomcat;6.0.389418;org.apache.jasper.JasperException;0
Tomcat;6.0.389418;org.apache.tomcat.util.threads.ThreadPool$MonitorRunnable;0
Tomcat;6.0.389418;org.apache.naming.factory.ResourceEnvFactory;0
Tomcat;6.0.389418;org.apache.catalina.ssi.ExpressionParseTree$AndNode;0
Tomcat;6.0.389418;org.apache.jasper.runtime.JspFactoryImpl$1;0
Tomcat;6.0.389418;org.apache.catalina.deploy.ContextResource;0
Tomcat;6.0.389418;org.apache.tomcat.util.digester.AbstractRulesImpl;0
Tomcat;6.0.389418;org.apache.juli.ClassLoaderLogManager$3;0
Tomcat;6.0.389418;org.apache.naming.resources.ResourceCache;0
Tomcat;6.0.389418;org.apache.jk.common.AjpConstants;0
Tomcat;6.0.389418;org.apache.catalina.ssi.SSIFilter;0
Tomcat;6.0.389418;org.apache.catalina.util.Strftime;0
Tomcat;6.0.389418;org.apache.jasper.compiler.JspRuntimeContext;2
Tomcat;6.0.389418;org.apache.jasper.runtime.ProtectedFunctionMapper$1;0
Tomcat;6.0.389418;org.apache.naming.factory.BeanFactory;0
Tomcat;6.0.389418;org.apache.tomcat.util.net.jsse.JSSEFactory;0
Tomcat;6.0.389418;org.apache.tomcat.jni.BIOCallback;0
Tomcat;6.0.389418;org.apache.catalina.startup.ClusterRuleSetFactory$DefaultClusterRuleSet;0
Tomcat;6.0.389418;org.apache.catalina.loader.Reloader;0
Tomcat;6.0.389418;org.apache.catalina.startup.HostRuleSet;0
Tomcat;6.0.389418;org.apache.jasper.util.SystemLogHandler;0
Tomcat;6.0.389418;org.apache.el.parser.SimpleCharStream;0
Tomcat;6.0.389418;org.apache.jasper.compiler.Node$ChildInfo;0
Tomcat;6.0.389418;javax.el.CompositeELResolver;0
Tomcat;6.0.389418;org.apache.jasper.compiler.ParserController;0
Tomcat;6.0.389418;org.apache.catalina.ssi.SSIExec;0
Tomcat;6.0.389418;org.apache.catalina.ssi.ExpressionParseTree$EqualNode;0
Tomcat;6.0.389418;javax.servlet.ServletOutputStream;0
Tomcat;6.0.389418;org.apache.jasper.runtime.PageContextImpl$10;0
Tomcat;6.0.389418;javax.servlet.http.HttpUtils;0
Tomcat;6.0.389418;org.apache.catalina.connector.ResponseFacade$SetContentTypePrivilegedAction;0
Tomcat;6.0.389418;org.apache.catalina.core.StandardWrapper;4
Tomcat;6.0.389418;org.apache.jasper.compiler.JspConfig;0
Tomcat;6.0.389418;org.apache.naming.ResourceRef;0
Tomcat;6.0.389418;org.apache.catalina.mbeans.NamingResourcesMBean;0
Tomcat;6.0.389418;org.apache.catalina.users.MemoryGroup;0
Tomcat;6.0.389418;org.apache.tomcat.util.net.AprEndpoint$SendfileData;0
Tomcat;6.0.389418;org.apache.jasper.xmlparser.EncodingMap;0
Tomcat;6.0.389418;org.apache.naming.NamingService;0
Tomcat;6.0.389418;javax.servlet.jsp.tagext.TagVariableInfo;0
Tomcat;6.0.389418;org.apache.coyote.http11.filters.BufferedInputFilter;0
Tomcat;6.0.389418;javax.servlet.jsp.el.VariableResolver;0
Tomcat;6.0.389418;org.apache.catalina.mbeans.StandardServerMBean;0
Tomcat;6.0.389418;org.apache.catalina.realm.UserDatabaseRealm;0
Tomcat;6.0.389418;javax.servlet.jsp.tagext.TagAttributeInfo;0
Tomcat;6.0.389418;org.apache.jk.core.JkChannel;0
Tomcat;6.0.389418;org.apache.catalina.connector.Response;1
Tomcat;6.0.389418;org.apache.catalina.startup.SetAuthConstraintRule;0
Tomcat;6.0.389418;org.apache.tomcat.util.net.jsse.JSSE14Support$1;0
Tomcat;6.0.389418;org.apache.naming.factory.MailSessionFactory$1$1;0
Tomcat;6.0.389418;org.apache.tomcat.util.collections.SimpleHashtable$Entry;0
Tomcat;6.0.389418;org.apache.catalina.session.PersistentManagerBase$PrivilegedStoreSave;0
Tomcat;6.0.389418;org.apache.jasper.compiler.Node$Comment;0
Tomcat;6.0.389418;org.apache.el.parser.AstString;0
Tomcat;6.0.389418;org.apache.jasper.compiler.Generator$TagHandlerInfo;0
Tomcat;6.0.389418;org.apache.jasper.runtime.PerThreadTagHandlerPool;0
Tomcat;6.0.389418;javax.servlet.http.HttpSessionEvent;0
Tomcat;6.0.389418;org.apache.naming.resources.WARDirContext;0
Tomcat;6.0.389418;org.apache.el.parser.BooleanNode;0
Tomcat;6.0.389418;org.apache.tomcat.util.http.HttpMessages;0
Tomcat;6.0.389418;javax.servlet.http.HttpSessionBindingEvent;0
Tomcat;6.0.389418;org.apache.naming.EjbRef;0
Tomcat;6.0.389418;org.apache.catalina.ant.ResourcesTask;0
Tomcat;6.0.389418;org.apache.catalina.ant.jmx.JMXAccessorCreateTask;0
Tomcat;6.0.389418;org.apache.catalina.ssi.ExpressionParseTree$Node;0
Tomcat;6.0.389418;org.apache.tomcat.util.buf.DateTool;0
Tomcat;6.0.389418;org.apache.catalina.session.PersistentManagerBase;4
Tomcat;6.0.389418;org.apache.catalina.mbeans.MBeanUtils;0
Tomcat;6.0.389418;org.apache.catalina.valves.RemoteHostValve;0
Tomcat;6.0.389418;org.apache.catalina.valves.Constants$AccessLog;0
Tomcat;6.0.389418;org.apache.tomcat.jni.Status;0
Tomcat;6.0.389418;org.apache.tomcat.util.net.jsse.JSSE14SocketFactory;0
Tomcat;6.0.389418;org.apache.catalina.loader.ResourceEntry;0
Tomcat;6.0.389418;org.apache.catalina.Pipeline;0
Tomcat;6.0.389418;org.apache.catalina.valves.RequestFilterValve;0
Tomcat;6.0.389418;org.apache.catalina.Wrapper;0
Tomcat;6.0.389418;javax.servlet.http.HttpServlet;1
Tomcat;6.0.389418;org.apache.catalina.startup.UserDatabase;0
Tomcat;6.0.389418;org.apache.tomcat.util.buf.UEncoder;0
Tomcat;6.0.389418;org.apache.catalina.connector.RequestFacade$GetCookiesPrivilegedAction;0
Tomcat;6.0.389418;org.apache.catalina.startup.HomesUserDatabase;0
Tomcat;6.0.389418;org.apache.jasper.tagplugins.jstl.Util$ImportResponseWrapper$1;0
Tomcat;6.0.389418;org.apache.catalina.connector.Constants;0
Tomcat;6.0.389418;org.apache.jk.core.Msg;0
Tomcat;6.0.389418;org.apache.jasper.runtime.JspFactoryImpl$PrivilegedGetPageContext;0
Tomcat;6.0.389418;org.apache.catalina.ant.UndeployTask;0
Tomcat;6.0.389418;org.apache.catalina.ssi.SSICommand;0
Tomcat;6.0.389418;org.apache.jasper.compiler.Validator$ValidateVisitor$1MapperELVisitor;0
Tomcat;6.0.389418;org.apache.jasper.compiler.JDTCompiler$1;0
Tomcat;6.0.389418;org.apache.jasper.runtime.ProtectedFunctionMapper$4;0
Tomcat;6.0.389418;org.apache.catalina.Session;0
Tomcat;6.0.389418;org.apache.catalina.util.TomcatCSS;0
Tomcat;6.0.389418;org.apache.el.lang.ELArithmetic$DoubleDelegate;0
Tomcat;6.0.389418;org.apache.catalina.util.MD5Encoder;0
Tomcat;6.0.389418;org.apache.catalina.ssi.SSIServletExternalResolver$ServletContextAndPath;0
Tomcat;6.0.389418;org.apache.jasper.compiler.ServletWriter;0
Tomcat;6.0.389418;org.apache.el.parser.ELParser$1;0
Tomcat;6.0.389418;org.apache.jk.common.ChannelSocket$SocketConnection;0
Tomcat;6.0.389418;org.apache.catalina.ant.RemoveTask;0
Tomcat;6.0.389418;org.apache.jasper.el.ELContextImpl;0
Tomcat;6.0.389418;org.apache.tomcat.util.collections.SimplePool;0
Tomcat;6.0.389418;org.apache.catalina.startup.EngineConfig;0
Tomcat;6.0.389418;org.apache.catalina.core.ApplicationContextFacade$1;0
Tomcat;6.0.389418;org.apache.tomcat.jni.PoolCallback;0
Tomcat;6.0.389418;org.apache.catalina.ant.StartTask;0
Tomcat;6.0.389418;org.apache.tomcat.util.net.SSLSupport$CipherData;0
Tomcat;6.0.389418;org.apache.catalina.ant.JKStatusUpdateTask;0
Tomcat;6.0.389418;org.apache.tomcat.util.buf.CharChunk;1
Tomcat;6.0.389418;org.apache.jasper.compiler.ScriptingVariabler;0
Tomcat;6.0.389418;javax.el.BeanELResolver$BeanProperty;0
Tomcat;6.0.389418;org.apache.catalina.util.URL;0
Tomcat;6.0.389418;org.apache.tomcat.util.net.puretls.PureTLSSocketFactory;0
Tomcat;6.0.389418;org.apache.catalina.loader.WebappClassLoader;4
Tomcat;6.0.389418;javax.servlet.http.HttpSessionContext;0
Tomcat;6.0.389418;org.apache.tomcat.util.threads.ThreadPool;0
Tomcat;6.0.389418;org.apache.jasper.compiler.tagplugin.TagPlugin;0
Tomcat;6.0.389418;org.apache.catalina.core.NamingContextListener;0
Tomcat;6.0.389418;org.apache.catalina.session.ManagerBase;0
Tomcat;6.0.389418;org.apache.jk.common.JkMX;0
Tomcat;6.0.389418;org.apache.catalina.ssi.SSIFsize;0
Tomcat;6.0.389418;org.apache.jasper.xmlparser.XMLChar;0
Tomcat;6.0.389418;javax.servlet.ServletContextListener;0
Tomcat;6.0.389418;org.apache.catalina.util.MIME2Java;0
Tomcat;6.0.389418;org.apache.catalina.Loader;0
Tomcat;6.0.389418;org.apache.tomcat.jni.OS;0
Tomcat;6.0.389418;org.apache.catalina.ssi.SSIServletRequestUtil;0
Tomcat;6.0.389418;org.apache.tomcat.util.collections.MultiMap;0
Tomcat;6.0.389418;org.apache.catalina.startup.ContextConfig$ContextErrorHandler;0
Tomcat;6.0.389418;org.apache.jasper.compiler.Localizer;0
Tomcat;6.0.389418;org.apache.tomcat.util.digester.RulesBase;0
Tomcat;6.0.389418;org.apache.catalina.startup.ContextConfig;1
Tomcat;6.0.389418;org.apache.jasper.compiler.ScriptingVariabler$ScriptingVariableVisitor;0
Tomcat;6.0.389418;org.apache.jasper.compiler.SmapUtil$1;0
Tomcat;6.0.389418;javax.servlet.http.NoBodyResponse;0
Tomcat;6.0.389418;org.apache.catalina.startup.PasswdUserDatabase;0
Tomcat;6.0.389418;org.apache.jk.core.WorkerEnv;0
Tomcat;6.0.389418;org.apache.jasper.tagplugins.jstl.core.ForEach;0
Tomcat;6.0.389418;org.apache.catalina.util.ParameterMap;0
Tomcat;6.0.389418;org.apache.jasper.runtime.PageContextImpl$5;0
Tomcat;6.0.389418;org.apache.catalina.startup.Catalina;0
Tomcat;6.0.389418;javax.servlet.jsp.el.ImplicitObjectELResolver$ScopeManager;0
Tomcat;6.0.389418;org.apache.tomcat.util.log.CaptureLog;0
Tomcat;6.0.389418;javax.servlet.Servlet;0
Tomcat;6.0.389418;org.apache.coyote.http11.OutputFilter;0
Tomcat;6.0.389418;org.apache.tomcat.util.IntrospectionUtils$PropertySource;0
Tomcat;6.0.389418;org.apache.jasper.tagplugins.jstl.core.Choose;0
Tomcat;6.0.389418;org.apache.catalina.authenticator.SingleSignOn;1
Tomcat;6.0.389418;org.apache.jasper.runtime.PageContextImpl$2;0
Tomcat;6.0.389418;javax.el.BeanELResolver;0
Tomcat;6.0.389418;javax.el.CompositeELResolver$FeatureIterator;0
Tomcat;6.0.389418;org.apache.jasper.xmlparser.MyEntityResolver;0
Tomcat;6.0.389418;org.apache.catalina.ant.jmx.JMXAccessorCondition;0
Tomcat;6.0.389418;org.apache.catalina.servlets.WebdavStatus;0
Tomcat;6.0.389418;org.apache.tomcat.util.http.mapper.MappingData;0
Tomcat;6.0.389418;org.apache.catalina.util.Extension;0
Tomcat;6.0.389418;org.apache.catalina.ssi.ExpressionParseTree$StringNode;0
Tomcat;6.0.389418;javax.servlet.jsp.tagext.PageData;0
Tomcat;6.0.389418;org.apache.catalina.servlets.CGIServlet$CGIEnvironment;0
Tomcat;6.0.389418;org.apache.catalina.ssi.SSISet;0
Tomcat;6.0.389418;org.apache.jasper.runtime.ProtectedFunctionMapper$3;0
Tomcat;6.0.389418;org.apache.tomcat.util.digester.ObjectParamRule;0
Tomcat;6.0.389418;org.apache.catalina.ant.StopTask;0
Tomcat;6.0.389418;org.apache.catalina.authenticator.FormAuthenticator;1
Tomcat;6.0.389418;org.apache.jasper.runtime.PageContextImpl$1;0
Tomcat;6.0.389418;org.apache.catalina.startup.TldConfig;0
Tomcat;6.0.389418;org.apache.jasper.runtime.JspFactoryImpl;0
Tomcat;6.0.389418;org.apache.naming.StringManager;0
Tomcat;6.0.389418;org.apache.catalina.util.LifecycleSupport;0
Tomcat;6.0.389418;org.apache.tomcat.util.digester.ArrayStack;0
Tomcat;6.0.389418;org.apache.catalina.deploy.SecurityCollection;0
Tomcat;6.0.389418;org.apache.jasper.compiler.ScriptingVariabler$CustomTagCounter;0
Tomcat;6.0.389418;org.apache.jk.server.JkCoyoteHandler;0
Tomcat;6.0.389418;org.apache.tomcat.jni.Socket;0
Tomcat;6.0.389418;org.apache.tomcat.jni.Sockaddr;0
Tomcat;6.0.389418;org.apache.catalina.core.DummyRequest;0
Tomcat;6.0.389418;org.apache.catalina.session.PersistentManagerBase$PrivilegedStoreKeys;0
Tomcat;6.0.389418;org.apache.catalina.startup.WebRuleSet;2
Tomcat;6.0.389418;org.apache.jasper.compiler.TagFileProcessor;1
Tomcat;6.0.389418;org.apache.jasper.util.Queue;0
Tomcat;6.0.389418;org.apache.jasper.compiler.ELParser$Token;0
Tomcat;6.0.389418;org.apache.jasper.compiler.Node$NamedAttribute$1AttributeVisitor;0
Tomcat;6.0.389418;javax.servlet.jsp.JspException;0
Tomcat;6.0.389418;org.apache.catalina.users.AbstractGroup;0
Tomcat;6.0.389418;org.apache.tomcat.util.digester.Digester;0
Tomcat;6.0.389418;org.apache.catalina.servlets.DefaultServlet$1;0
Tomcat;6.0.389418;org.apache.jasper.compiler.Validator$ValidateVisitor$1FVVisitor;0
Tomcat;6.0.389418;org.apache.jasper.compiler.Dumper;0
Tomcat;6.0.389418;org.apache.tomcat.jni.Pool;0
Tomcat;6.0.389418;org.apache.jasper.compiler.Node$ForwardAction;0
Tomcat;6.0.389418;org.apache.jasper.compiler.Node$CustomTag;0
Tomcat;6.0.389418;org.apache.jasper.compiler.Mark;0
Tomcat;6.0.389418;org.apache.tomcat.util.collections.MultiMap$Field;0
Tomcat;6.0.389418;org.apache.catalina.ant.ValidatorTask;0
Tomcat;6.0.389418;org.apache.jasper.runtime.JspWriterImpl$1;0
Tomcat;6.0.389418;org.apache.catalina.authenticator.AuthenticatorBase;1
Tomcat;6.0.389418;org.apache.jasper.compiler.Validator$ValidateVisitor$NamedAttributeVisitor;0
Tomcat;6.0.389418;org.apache.catalina.security.SecurityConfig;0
Tomcat;6.0.389418;org.apache.catalina.deploy.ErrorPage;0
Tomcat;6.0.389418;org.apache.tomcat.util.net.AprEndpoint$Sendfile;0
Tomcat;6.0.389418;org.apache.jasper.compiler.Node$NamedAttribute;0
Tomcat;6.0.389418;org.apache.tomcat.jni.Error;0
Tomcat;6.0.389418;org.apache.coyote.http11.Http11Protocol$MXPoolListener;0
Tomcat;6.0.389418;org.apache.catalina.servlets.InvokerHttpRequest;0
Tomcat;6.0.389418;org.apache.catalina.startup.ClassLoaderFactory;0
Tomcat;6.0.389418;javax.servlet.ServletRequestListener;0
Tomcat;6.0.389418;javax.servlet.jsp.tagext.DynamicAttributes;0
Tomcat;6.0.389418;org.apache.catalina.servlets.InvokerServlet;0
Tomcat;6.0.389418;org.apache.jk.config.ApacheConfig;0
Tomcat;6.0.389418;org.apache.jasper.compiler.Node$TaglibDirective;0
Tomcat;6.0.389418;org.apache.catalina.ant.RolesTask;0
Tomcat;6.0.389418;org.apache.catalina.ssi.SSIConditional;0
Tomcat;6.0.389418;org.apache.jasper.xmlparser.ParserUtils;0
Tomcat;6.0.389418;org.apache.tomcat.jni.Address;0
Tomcat;6.0.389418;org.apache.el.lang.ELArithmetic$BigDecimalDelegate;0
Tomcat;6.0.389418;org.apache.jasper.xmlparser.UTF8Reader;0
Tomcat;6.0.389418;org.apache.tomcat.util.IntrospectionUtils$1;0
Tomcat;6.0.389418;org.apache.jasper.xmlparser.ASCIIReader;0
Tomcat;6.0.389418;org.apache.el.util.ReflectionUtil;0
Tomcat;6.0.389418;org.apache.tomcat.util.digester.SetTopRule;0
Tomcat;6.0.389418;org.apache.tomcat.util.digester.SetNextRule;0
Tomcat;6.0.389418;org.apache.jasper.runtime.PageContextImpl$6;0
Tomcat;6.0.389418;org.apache.tomcat.util.digester.RuleSetBase;0
Tomcat;6.0.389418;org.apache.tomcat.util.http.Cookies;0
Tomcat;6.0.389418;org.apache.catalina.startup.CopyParentClassLoaderRule;0
Tomcat;6.0.389418;org.apache.tomcat.jni.Proc;0
Tomcat;6.0.389418;org.apache.jasper.compiler.Generator$1TagHandlerPoolVisitor;0
Tomcat;6.0.389418;org.apache.catalina.connector.RequestFacade$GetParameterNamesPrivilegedAction;0
Tomcat;6.0.389418;org.apache.catalina.Container;0
Tomcat;6.0.389418;org.apache.jasper.JspC;1
Tomcat;6.0.389418;org.apache.catalina.ssi.ExpressionParseTree;0
Tomcat;6.0.389418;org.apache.jk.common.ChannelShm;0
Tomcat;6.0.389418;javax.servlet.ServletRequestEvent;0
Tomcat;6.0.389418;org.apache.catalina.security.SecurityClassLoad;0
Tomcat;6.0.389418;org.apache.el.parser.AstDiv;0
Tomcat;6.0.389418;org.apache.jasper.compiler.JDTCompiler$2;0
Tomcat;6.0.389418;org.apache.jasper.compiler.ELNode$Visitor;0
Tomcat;6.0.389418;org.apache.catalina.connector.CoyoteAdapter;3
Tomcat;6.0.389418;org.apache.catalina.ssi.SSIServlet;0
Tomcat;6.0.389418;org.apache.catalina.startup.CatalinaProperties;0
Tomcat;6.0.389418;org.apache.jasper.el.JspPropertyNotFoundException;0
Tomcat;6.0.389418;javax.servlet.jsp.tagext.VariableInfo;0
Tomcat;6.0.389418;org.apache.jasper.compiler.SmapStratum;0
Tomcat;6.0.389418;org.apache.catalina.util.ProcessHelper;0
Tomcat;6.0.389418;org.apache.jasper.runtime.PerThreadTagHandlerPool$1;0
Tomcat;6.0.389418;org.apache.coyote.http11.filters.VoidOutputFilter;0
Tomcat;6.0.389418;javax.servlet.RequestDispatcher;0
Tomcat;6.0.389418;org.apache.catalina.SessionListener;0
Tomcat;6.0.389418;org.apache.jasper.compiler.SmapUtil$SmapGenVisitor;0
Tomcat;6.0.389418;javax.servlet.jsp.JspApplicationContext;0
Tomcat;6.0.389418;org.apache.catalina.mbeans.RoleMBean;0
Tomcat;6.0.389418;javax.servlet.ServletRequest;0
Tomcat;6.0.389418;org.apache.naming.resources.WARDirContext$WARResource;0
Tomcat;6.0.389418;org.apache.tomcat.util.net.jsse.JSSE14Factory;0
Tomcat;6.0.389418;org.apache.jk.config.GeneratorJk2;0
Tomcat;6.0.389418;org.apache.jasper.compiler.TagPluginManager$TagPluginContextImpl;0
Tomcat;6.0.389418;javax.servlet.jsp.tagext.ValidationMessage;0
Tomcat;6.0.389418;org.apache.catalina.connector.CoyoteInputStream;0
Tomcat;6.0.389418;org.apache.catalina.deploy.NamingResources;2
Tomcat;6.0.389418;org.apache.tomcat.util.threads.ThreadWithAttributes;0
Tomcat;6.0.389418;org.apache.catalina.connector.MapperListener;0
Tomcat;6.0.389418;javax.servlet.jsp.el.ImplicitObjectELResolver$ScopeMap$ScopeEntry;0
Tomcat;6.0.389418;org.apache.jasper.el.JspPropertyNotWritableException;0
Tomcat;6.0.389418;org.apache.catalina.mbeans.ContextResourceLinkMBean;0
Tomcat;6.0.389418;org.apache.jasper.runtime.PageContextImpl$8;0
Tomcat;6.0.389418;javax.servlet.jsp.el.ImplicitObjectELResolver$ScopeManager$4;0
Tomcat;6.0.389418;org.apache.catalina.Cluster;0
Tomcat;6.0.389418;javax.servlet.GenericServlet;0
Tomcat;6.0.389418;org.apache.jasper.compiler.TagFileProcessor$TagFileDirectiveVisitor;0
Tomcat;6.0.389418;javax.el.ArrayELResolver;0
Tomcat;6.0.389418;org.apache.el.parser.AstOr;0
Tomcat;6.0.389418;org.apache.jasper.tagplugins.jstl.core.Url;0
Tomcat;6.0.389418;org.apache.catalina.connector.CoyoteOutputStream;0
Tomcat;6.0.389418;org.apache.naming.resources.CacheEntry;0
Tomcat;6.0.389418;org.apache.jasper.compiler.Generator$GenerateVisitor$2ParamVisitor;0
Tomcat;6.0.389418;org.apache.coyote.http11.InternalOutputBuffer;0
Tomcat;6.0.389418;org.apache.catalina.startup.SetAllPropertiesRule;0
Tomcat;6.0.389418;org.apache.el.MethodExpressionLiteral;0
Tomcat;6.0.389418;org.apache.catalina.realm.RealmBase$AllRolesMode;0
Tomcat;6.0.389418;org.apache.tomcat.util.http.mapper.Mapper$ContextList;0
Tomcat;6.0.389418;javax.servlet.jsp.el.ImplicitObjectELResolver$ScopeManager$6;0
Tomcat;6.0.389418;javax.servlet.ServletConfig;0
Tomcat;6.0.389418;org.apache.jasper.compiler.TagConstants;0
Tomcat;6.0.389418;org.apache.jasper.runtime.TagHandlerPool;0
Tomcat;6.0.389418;org.apache.el.ValueExpressionLiteral;0
Tomcat;6.0.389418;org.apache.catalina.startup.ConnectorCreateRule;0
Tomcat;6.0.389418;org.apache.tomcat.util.collections.EmptyEnumeration;0
Tomcat;6.0.389418;org.apache.juli.FileHandler;0
Tomcat;6.0.389418;org.apache.tomcat.util.digester.SetRootRule;0
Tomcat;6.0.389418;javax.servlet.jsp.ErrorData;0
Tomcat;6.0.389418;org.apache.jasper.runtime.PageContextImpl$7;0
Tomcat;6.0.389418;org.apache.tomcat.util.buf.WriteConvertor;0
Tomcat;6.0.389418;org.apache.jasper.compiler.Node$JspBody;0
Tomcat;6.0.389418;org.apache.jasper.compiler.Node$JspAttribute;0
Tomcat;6.0.389418;org.apache.naming.SelectorContext;0
Tomcat;6.0.389418;org.apache.jasper.compiler.Node$ScriptingElement;0
Tomcat;6.0.389418;org.apache.catalina.ssi.SSIConditionalState;0
Tomcat;6.0.389418;org.apache.jasper.security.SecurityClassLoad;0
Tomcat;6.0.389418;org.apache.catalina.core.ApplicationHttpRequest$AttributeNamesEnumerator;0
Tomcat;6.0.389418;org.apache.jasper.compiler.Node$PlugIn;0
Tomcat;6.0.389418;javax.servlet.jsp.el.ImplicitObjectELResolver$ScopeManager$2;0
Tomcat;6.0.389418;org.apache.jasper.runtime.HttpJspBase;0
Tomcat;6.0.389418;org.apache.jasper.xmlparser.XMLString;0
Tomcat;6.0.389418;org.apache.jasper.compiler.ELNode$ELText;0
Tomcat;6.0.389418;javax.servlet.jsp.tagext.TagExtraInfo;0
Tomcat;6.0.389418;org.apache.catalina.ant.JMXGetTask;0
Tomcat;6.0.389418;org.apache.catalina.util.ResourceSet;0
Tomcat;6.0.389418;org.apache.tomcat.util.net.LeaderFollowerWorkerThread;0
Tomcat;6.0.389418;org.apache.jasper.compiler.JspReader;0
Tomcat;6.0.389418;org.apache.tomcat.util.digester.XercesParser;0
Tomcat;6.0.389418;org.apache.jasper.compiler.Node$ParamAction;0
Tomcat;6.0.389418;org.apache.naming.resources.DirContextURLStreamHandlerFactory;0
Tomcat;6.0.389418;org.apache.el.lang.ELArithmetic;1
Tomcat;6.0.389418;org.apache.jasper.compiler.JspConfig$JspProperty;0
Tomcat;6.0.389418;org.apache.catalina.connector.CoyoteInputStream$4;0
Tomcat;6.0.389418;javax.el.MethodExpression;0
Tomcat;6.0.389418;org.apache.jk.common.ChannelNioSocket$SocketInputStream;0
Tomcat;6.0.389418;org.apache.catalina.loader.WebappLoader;0
Tomcat;6.0.389418;org.apache.catalina.ContainerListener;0
Tomcat;6.0.389418;org.apache.catalina.servlets.CGIServlet$NameValuePair;0
Tomcat;6.0.389418;org.apache.coyote.http11.InternalInputBuffer;0
Tomcat;6.0.389418;org.apache.catalina.core.StandardWrapper$1;0
Tomcat;6.0.389418;org.apache.el.parser.AstNotEqual;0
Tomcat;6.0.389418;org.apache.juli.ClassLoaderLogManager$ClassLoaderLogInfo;0
Tomcat;6.0.389418;org.apache.catalina.core.StandardService;0
Tomcat;6.0.389418;org.apache.coyote.http11.InternalAprOutputBuffer$SocketOutputBuffer;0
Tomcat;6.0.389418;org.apache.jasper.tagplugins.jstl.core.Catch;0
Tomcat;6.0.389418;javax.servlet.http.NoBodyOutputStream;0
Tomcat;6.0.389418;org.apache.catalina.ant.jmx.JMXAccessorUnregisterTask;0
Tomcat;6.0.389418;org.apache.jasper.compiler.Generator$1DeclarationVisitor;0
Tomcat;6.0.389418;org.apache.jasper.compiler.Node$InvokeAction;0
Tomcat;6.0.389418;org.apache.catalina.realm.User;0
Tomcat;6.0.389418;org.apache.jk.config.NSConfig;0
Tomcat;6.0.389418;org.apache.catalina.Engine;0
Tomcat;6.0.389418;org.apache.catalina.ssi.ByteArrayServletOutputStream;0
Tomcat;6.0.389418;org.apache.tomcat.util.http.Parameters;1
Tomcat;6.0.389418;org.apache.catalina.util.CustomObjectInputStream;0
Tomcat;6.0.389418;org.apache.coyote.http11.filters.VoidInputFilter;0
Tomcat;6.0.389418;org.apache.catalina.connector.ResponseFacade$DateHeaderPrivilegedAction;0
Tomcat;6.0.389418;org.apache.catalina.session.StoreBase;0
Tomcat;6.0.389418;org.apache.naming.resources.BaseDirContext;0
Tomcat;6.0.389418;org.apache.jasper.compiler.PageDataImpl;0
Tomcat;6.0.389418;javax.servlet.jsp.tagext.TagLibraryInfo;0
Tomcat;6.0.389418;org.apache.naming.factory.TransactionFactory;0
Tomcat;6.0.389418;javax.servlet.jsp.HttpJspPage;0
Tomcat;6.0.389418;org.apache.catalina.deploy.ResourceBase;0
Tomcat;6.0.389418;org.apache.naming.java.javaURLContextFactory;0
Tomcat;6.0.389418;org.apache.catalina.util.Queue;0
Tomcat;6.0.389418;org.apache.jk.common.HandlerDispatch;0
Tomcat;6.0.389418;org.apache.coyote.http11.InternalOutputBuffer$2;0
Tomcat;6.0.389418;org.apache.jasper.compiler.JspUtil$ValidAttribute;0
Tomcat;6.0.389418;org.apache.naming.factory.OpenEjbFactory;0
Tomcat;6.0.389418;org.apache.catalina.valves.ValveBase;0
Tomcat;6.0.389418;org.apache.jasper.compiler.Node$VariableDirective;0
Tomcat;6.0.389418;org.apache.coyote.http11.filters.IdentityInputFilter;0
Tomcat;6.0.389418;org.apache.catalina.core.ApplicationHttpResponse;0
Tomcat;6.0.389418;org.apache.catalina.session.ManagerBase$1;0
Tomcat;6.0.389418;org.apache.catalina.startup.UserConfig;0
Tomcat;6.0.389418;org.apache.jasper.el.JspMethodNotFoundException;0
Tomcat;6.0.389418;org.apache.el.lang.FunctionMapperImpl;1
Tomcat;6.0.389418;org.apache.catalina.authenticator.SSLAuthenticator;1
Tomcat;6.0.389418;org.apache.jasper.compiler.Node$Declaration;0
Tomcat;6.0.389418;org.apache.jasper.compiler.Generator$FragmentHelperClass;0
Tomcat;6.0.389418;org.apache.catalina.connector.RequestFacade$GetLocalesPrivilegedAction;0
Tomcat;6.0.389418;org.apache.jasper.compiler.Node$ELExpression;0
Tomcat;6.0.389418;org.apache.tomcat.util.digester.Rules;0
Tomcat;6.0.389418;org.apache.el.parser.AstLessThanEqual;0
Tomcat;6.0.389418;org.apache.jasper.runtime.JspSourceDependent;0
Tomcat;6.0.389418;org.apache.jasper.servlet.JspServlet;1
Tomcat;6.0.389418;org.apache.jk.apr.TomcatStarter;0
Tomcat;6.0.389418;org.apache.tomcat.util.net.PoolTcpEndpoint;0
Tomcat;6.0.389418;org.apache.catalina.session.JDBCStore;0
Tomcat;6.0.389418;org.apache.jasper.runtime.PageContextImpl$12;0
Tomcat;6.0.389418;org.apache.tomcat.util.net.DefaultServerSocketFactory;0
Tomcat;6.0.389418;javax.el.MethodInfo;0
Tomcat;6.0.389418;javax.servlet.Filter;0
Tomcat;6.0.389418;org.apache.catalina.startup.Bootstrap;0
Tomcat;6.0.389418;org.apache.jasper.compiler.Collector$CollectVisitor;0
Tomcat;6.0.389418;org.apache.catalina.mbeans.ContextEnvironmentMBean;0
Tomcat;6.0.389418;org.apache.catalina.Context;0
Tomcat;6.0.389418;org.apache.jasper.compiler.TldLocationsCache;0
Tomcat;6.0.389418;org.apache.jasper.xmlparser.XMLEncodingDetector$RewindableInputStream;0
Tomcat;6.0.389418;org.apache.jasper.tagplugins.jstl.core.Out;0
Tomcat;6.0.389418;org.apache.el.parser.AstEqual;0
Tomcat;6.0.389418;org.apache.jasper.compiler.TagLibraryInfoImpl;0
Tomcat;6.0.389418;org.apache.jk.server.JkMain;1
Tomcat;6.0.389418;org.apache.naming.NamingEntry;0
Tomcat;6.0.389418;org.apache.el.parser.AstMult;0
Tomcat;6.0.389418;javax.servlet.jsp.el.ImplicitObjectELResolver$ScopeManager$3;0
Tomcat;6.0.389418;javax.servlet.ServletContextAttributeEvent;0
Tomcat;6.0.389418;org.apache.tomcat.util.net.SSLImplementation;0
Tomcat;6.0.389418;org.apache.jasper.compiler.JasperTagInfo;0
Tomcat;6.0.389418;org.apache.tomcat.util.buf.CharChunk$CharOutputChannel;0
Tomcat;6.0.389418;org.apache.jasper.runtime.ProtectedFunctionMapper;0
Tomcat;6.0.389418;org.apache.catalina.core.StandardHost;0
Tomcat;6.0.389418;org.apache.tomcat.util.buf.TimeStamp;0
Tomcat;6.0.389418;org.apache.jasper.compiler.SmapUtil;0
Tomcat;6.0.389418;org.apache.jasper.tagplugins.jstl.core.Redirect;0
Tomcat;6.0.389418;org.apache.tomcat.util.compat.Jdk14Compat;0
Tomcat;6.0.389418;org.apache.el.parser.AstMod;0
Tomcat;6.0.389418;org.apache.jasper.compiler.Node$Expression;0
Tomcat;6.0.389418;org.apache.catalina.util.ExtensionValidator;0
Tomcat;6.0.389418;org.apache.tomcat.util.http.FastHttpDateFormat;0
Tomcat;6.0.389418;org.apache.catalina.session.ManagerBase$PrivilegedSetRandomFile;0
Tomcat;6.0.389418;org.apache.catalina.servlets.Constants;0
Tomcat;6.0.389418;org.apache.tomcat.util.digester.SetPropertiesRule;0
Tomcat;6.0.389418;org.apache.catalina.deploy.ContextEnvironment;0
Tomcat;6.0.389418;org.apache.tomcat.util.net.MasterSlaveWorkerThread;0
Tomcat;6.0.389418;org.apache.catalina.users.AbstractRole;0
Tomcat;6.0.389418;org.apache.el.lang.FunctionMapperFactory;0
Tomcat;6.0.389418;org.apache.el.parser.AstBracketSuffix;0
Tomcat;6.0.389418;org.apache.catalina.core.StandardHostValve;0
Tomcat;6.0.389418;org.apache.catalina.ssi.ExpressionParseTree$LessThanNode;0
Tomcat;6.0.389418;org.apache.coyote.http11.Http11Processor$1;0
Tomcat;6.0.389418;javax.servlet.jsp.el.ImplicitObjectELResolver$ScopeMap;0
Tomcat;6.0.389418;org.apache.coyote.ActionCode;0
Tomcat;6.0.389418;org.apache.jasper.compiler.TextOptimizer$TextCatVisitor;0
Tomcat;6.0.389418;org.apache.jasper.runtime.JspFragmentHelper;0
Tomcat;6.0.389418;javax.servlet.http.HttpSession;0
Tomcat;6.0.389418;org.apache.catalina.InstanceEvent;0
Tomcat;6.0.389418;javax.servlet.ServletRequestAttributeListener;0
Tomcat;6.0.389418;org.apache.tomcat.jni.Registry;0
Tomcat;6.0.389418;org.apache.coyote.http11.Http11Protocol;1
Tomcat;6.0.389418;org.apache.jk.config.IISConfig;0
Tomcat;6.0.389418;javax.el.Expression;0
Tomcat;6.0.389418;org.apache.catalina.servlets.CGIServlet$CGIRunner$1;0
Tomcat;6.0.389418;org.apache.catalina.servlets.DefaultServlet$Range;0
Tomcat;6.0.389418;org.apache.tomcat.util.net.jsse.JSSESocketFactory;2
Tomcat;6.0.389418;org.apache.catalina.ssi.SSIServletExternalResolver;1
Tomcat;6.0.389418;org.apache.coyote.Constants;0
Tomcat;6.0.389418;javax.el.ValueExpression;0
Tomcat;6.0.389418;org.apache.jasper.compiler.Node$AttributeDirective;0
Tomcat;6.0.389418;org.apache.jk.common.ChannelNioSocket$Poller;0
Tomcat;6.0.389418;org.apache.el.parser.AstFunction;0
Tomcat;6.0.389418;javax.servlet.http.HttpServletResponse;0
Tomcat;6.0.389418;org.apache.el.parser.AstPlus;0
Tomcat;6.0.389418;org.apache.jasper.runtime.PageContextImpl;1
Tomcat;6.0.389418;org.apache.catalina.core.StandardServer;0
Tomcat;6.0.389418;org.apache.naming.factory.SendMailFactory;0
Tomcat;6.0.389418;org.apache.catalina.authenticator.BasicAuthenticator;0
Tomcat;6.0.389418;org.apache.jk.core.MsgContext;0
Tomcat;6.0.389418;org.apache.catalina.mbeans.UserMBean;0
Tomcat;6.0.389418;org.apache.tomcat.jni.Lock;0
Tomcat;6.0.389418;javax.servlet.ServletInputStream;0
Tomcat;6.0.389418;org.apache.catalina.core.AprLifecycleListener;0
Tomcat;6.0.389418;org.apache.jasper.compiler.Node$JspText;0
Tomcat;6.0.389418;org.apache.catalina.deploy.FilterMap;0
Tomcat;6.0.389418;org.apache.jasper.compiler.Generator$GenerateVisitor$1ParamVisitor;0
Tomcat;6.0.389418;org.apache.jasper.compiler.Node$PageDirective;0
Tomcat;6.0.389418;org.apache.jasper.compiler.TagPluginManager;0
Tomcat;6.0.389418;org.apache.catalina.deploy.SecurityConstraint;0
Tomcat;6.0.389418;org.apache.jasper.compiler.JspDocumentParser;0
Tomcat;6.0.389418;org.apache.catalina.ant.jmx.JMXAccessorEqualsCondition;0
Tomcat;6.0.389418;org.apache.jasper.compiler.Node$Root;0
Tomcat;6.0.389418;org.apache.tomcat.util.digester.RuleSet;0
Tomcat;6.0.389418;org.apache.coyote.ajp.AjpAprProcessor$SocketInputBuffer;0
Tomcat;6.0.389418;org.apache.catalina.startup.SetJspConfig;0
Tomcat;6.0.389418;org.apache.catalina.LifecycleEvent;0
Tomcat;6.0.389418;org.apache.coyote.Request;0
Tomcat;6.0.389418;org.apache.catalina.util.HexUtils;0
Tomcat;6.0.389418;org.apache.jasper.compiler.Generator$FragmentHelperClass$Fragment;0
Tomcat;6.0.389418;org.apache.coyote.http11.InternalAprInputBuffer$SocketInputBuffer;0
Tomcat;6.0.389418;org.apache.jk.config.GeneratorJk1;0
Tomcat;6.0.389418;org.apache.catalina.startup.HostConfig;0
Tomcat;6.0.389418;org.apache.jasper.compiler.Collector;0
Tomcat;6.0.389418;org.apache.catalina.authenticator.SavedRequest;1
Tomcat;6.0.389418;org.apache.jasper.compiler.Compiler;1
Tomcat;6.0.389418;org.apache.jasper.compiler.Validator$DirectiveVisitor;0
Tomcat;6.0.389418;org.apache.jk.common.Shm14;0
Tomcat;6.0.389418;org.apache.jasper.compiler.TagPluginManager$1;0
Tomcat;6.0.389418;org.apache.jk.config.WebXml2Jk;0
Tomcat;6.0.389418;org.apache.catalina.connector.RequestFacade$1;0
Tomcat;6.0.389418;org.apache.catalina.valves.ErrorReportValve;1
Tomcat;6.0.389418;org.apache.catalina.startup.Constants;0
Tomcat;6.0.389418;org.apache.jasper.tagplugins.jstl.core.Param;0
Tomcat;6.0.389418;org.apache.catalina.ant.JMXQueryTask;0
Tomcat;6.0.389418;org.apache.catalina.Realm;0
Tomcat;6.0.389418;org.apache.jk.common.JkInputStream;0
Tomcat;6.0.389418;org.apache.jasper.compiler.JDTCompiler$1CompilationUnit;0
Tomcat;6.0.389418;org.apache.jk.common.ChannelNioSocket;0
Tomcat;6.0.389418;org.apache.tomcat.util.net.jsse.JSSE15SocketFactory;0
Tomcat;6.0.389418;org.apache.jasper.compiler.Dumper$DumpVisitor;0
Tomcat;6.0.389418;org.apache.catalina.session.StandardManager$PrivilegedDoUnload;0
Tomcat;6.0.389418;javax.servlet.jsp.tagext.TagFileInfo;0
Tomcat;6.0.389418;org.apache.catalina.startup.SetNextNamingRule;0
Tomcat;6.0.389418;org.apache.jasper.compiler.ELParser$Char;0
Tomcat;6.0.389418;org.apache.catalina.connector.RequestFacade$GetLocalePrivilegedAction;0
Tomcat;6.0.389418;org.apache.jasper.compiler.Node$UninterpretedTag;0
Tomcat;6.0.389418;org.apache.jasper.runtime.JspFactoryImpl$PrivilegedReleasePageContext;0
Tomcat;6.0.389418;org.apache.jasper.compiler.BeanRepository;0
Tomcat;6.0.389418;org.apache.catalina.realm.DataSourceRealm;0
Tomcat;6.0.389418;org.apache.tomcat.util.net.ServerSocketFactory;0
Tomcat;6.0.389418;org.apache.catalina.core.Constants;1
Tomcat;6.0.389418;org.apache.jasper.compiler.Node$JspElement;0
Tomcat;6.0.389418;org.apache.catalina.authenticator.DigestAuthenticator;0
Tomcat;6.0.389418;org.apache.tomcat.util.net.jsse.JSSE13SocketFactory;0
Tomcat;6.0.389418;javax.servlet.SingleThreadModel;0
Tomcat;6.0.389418;org.apache.jasper.compiler.Generator$GenBuffer;0
Tomcat;6.0.389418;org.apache.catalina.connector.RequestFacade$GetHeadersPrivilegedAction;0
Tomcat;6.0.389418;org.apache.catalina.security.SecurityUtil;0
Tomcat;6.0.389418;javax.el.ListELResolver;0
Tomcat;6.0.389418;org.apache.tomcat.util.digester.Digester$SystemPropertySource;0
Tomcat;6.0.389418;org.apache.catalina.ssi.ResponseIncludeWrapper;0
Tomcat;6.0.389418;org.apache.tomcat.jni.PasswordCallback;0
Tomcat;6.0.389418;org.apache.naming.resources.FileDirContext;0
Tomcat;6.0.389418;org.apache.catalina.valves.FieldInfo;0
Tomcat;6.0.389418;org.apache.naming.resources.WARDirContext$Entry;0
Tomcat;6.0.389418;org.apache.catalina.session.PersistentManagerBase$PrivilegedStoreClear;0
Tomcat;6.0.389418;org.apache.catalina.ssi.SSIStopProcessingException;0
Tomcat;6.0.389418;org.apache.coyote.memory.MemoryProtocolHandler;0
Tomcat;6.0.389418;org.apache.jasper.compiler.ELNode$Nodes;0
Tomcat;6.0.389418;org.apache.jk.config.WebXml2Jk$MappingGenerator;0
Tomcat;6.0.389418;javax.el.ExpressionFactory;0
Tomcat;6.0.389418;org.apache.catalina.ssi.ExpressionParseTree$CompareNode;0
Tomcat;6.0.389418;javax.servlet.jsp.el.ImplicitObjectELResolver$ScopeManager$9;0
Tomcat;6.0.389418;org.apache.jk.core.JkHandler;0
Tomcat;6.0.389418;org.apache.jasper.xmlparser.UCSReader;0
Tomcat;6.0.389418;org.apache.tomcat.util.net.AprEndpoint$Poller;0
Tomcat;6.0.389418;org.apache.catalina.servlets.CGIServlet$HTTPHeaderInputStream;0
Tomcat;6.0.389418;org.apache.catalina.ssi.SSIConfig;0
Tomcat;6.0.389418;org.apache.coyote.http11.filters.GzipOutputFilter$FakeOutputStream;0
Tomcat;6.0.389418;org.apache.el.parser.AstNull;0
Tomcat;6.0.389418;org.apache.jasper.servlet.JspCServletContext;0
Tomcat;6.0.389418;org.apache.jk.common.ChannelJni;0
Tomcat;6.0.389418;javax.el.ELException;0
Tomcat;6.0.389418;org.apache.jasper.compiler.Node$Scriptlet;0
Tomcat;6.0.389418;org.apache.tomcat.util.digester.Digester$1;0
Tomcat;6.0.389418;org.apache.tomcat.util.digester.NodeCreateRule;0
Tomcat;6.0.389418;org.apache.tomcat.util.http.AcceptLanguage;0
Tomcat;6.0.389418;org.apache.catalina.core.StandardEngine;0
Tomcat;6.0.389418;org.apache.catalina.startup.SetDistributableRule;0
Tomcat;6.0.389418;org.apache.tomcat.util.digester.FactoryCreateRule;0
Tomcat;6.0.389418;org.apache.catalina.core.ContainerBase$ContainerBackgroundProcessor;0
Tomcat;6.0.389418;org.apache.naming.resources.ProxyDirContext;0
Tomcat;6.0.389418;org.apache.catalina.connector.RequestFacade;0
Tomcat;6.0.389418;org.apache.juli.ClassLoaderLogManager$LogNode;0
Tomcat;6.0.389418;org.apache.tomcat.jni.Local;0
Tomcat;6.0.389418;org.apache.tomcat.util.net.AprEndpoint$Worker;0
Tomcat;6.0.389418;javax.servlet.jsp.tagext.JspFragment;0
Tomcat;6.0.389418;org.apache.catalina.users.MemoryRoleCreationFactory;0
Tomcat;6.0.389418;org.apache.catalina.users.MemoryRole;0
Tomcat;6.0.389418;org.apache.catalina.core.ContainerBase$PrivilegedAddChild;0
Tomcat;6.0.389418;org.apache.catalina.deploy.ContextResourceEnvRef;0
Tomcat;6.0.389418;org.apache.el.util.ConcurrentCache;0
Tomcat;6.0.389418;org.apache.jasper.el.JspValueExpression;0
Tomcat;6.0.389418;org.apache.coyote.http11.filters.ChunkedOutputFilter;0
Tomcat;6.0.389418;javax.servlet.jsp.el.ImplicitObjectELResolver;0
Tomcat;6.0.389418;org.apache.catalina.startup.SetContextPropertiesRule;0
Tomcat;6.0.389418;javax.el.ELContext;0
Tomcat;6.0.389418;org.apache.coyote.http11.Http11BaseProtocol$Http11ConnectionHandler;0
Tomcat;6.0.389418;org.apache.jk.common.Shm;0
Tomcat;6.0.389418;org.apache.jasper.compiler.tagplugin.TagPluginContext;0
Tomcat;6.0.389418;org.apache.coyote.http11.Http11Processor;4
Tomcat;6.0.389418;org.apache.tomcat.util.collections.MultiMapValuesEnumeration;0
Tomcat;6.0.389418;org.apache.catalina.users.MemoryUserDatabase;0
Tomcat;6.0.389418;org.apache.catalina.util.InstanceSupport;0
Tomcat;6.0.389418;org.apache.tomcat.util.net.AprEndpoint;0
Tomcat;6.0.389418;org.apache.catalina.util.DOMWriter;0
Tomcat;6.0.389418;org.apache.jasper.el.ELContextWrapper;0
Tomcat;6.0.389418;org.apache.jasper.el.ExpressionEvaluatorImpl;0
Tomcat;6.0.389418;org.apache.jasper.xmlparser.MyErrorHandler;0
Tomcat;6.0.389418;javax.servlet.UnavailableException;0
Tomcat;6.0.389418;org.apache.jasper.compiler.AntCompiler$JasperAntLogger;0
Tomcat;6.0.389418;javax.servlet.jsp.el.ImplicitObjectELResolver$1;0
Tomcat;6.0.389418;javax.servlet.jsp.el.ImplicitObjectELResolver$ScopeManager$8;0
Tomcat;6.0.389418;org.apache.jasper.compiler.PageDataImpl$FirstPassVisitor;0
Tomcat;6.0.389418;org.apache.catalina.connector.CoyotePrincipal;0
Tomcat;6.0.389418;org.apache.catalina.users.MemoryUser;0
Tomcat;6.0.389418;org.apache.catalina.ssi.SSIFlastmod;0
Tomcat;6.0.389418;org.apache.tomcat.util.net.puretls.PureTLSImplementation;0
Tomcat;6.0.389418;org.apache.naming.factory.SendMailFactory$1;0
Tomcat;6.0.389418;org.apache.jasper.tagplugins.jstl.Util$ImportResponseWrapper;0
Tomcat;6.0.389418;org.apache.naming.factory.ResourceFactory;0
Tomcat;6.0.389418;javax.servlet.FilterConfig;0
Tomcat;6.0.389418;org.apache.catalina.mbeans.DefaultContextMBean;0
Tomcat;6.0.389418;org.apache.jasper.compiler.Node$TemplateText;0
Tomcat;6.0.389418;org.apache.jasper.tagplugins.jstl.core.When;0
Tomcat;6.0.389418;org.apache.jasper.compiler.PageDataImpl$SecondPassVisitor;0
Tomcat;6.0.389418;org.apache.catalina.connector.InputBuffer;1
Tomcat;6.0.389418;org.apache.tomcat.util.net.TcpConnectionHandler;0
Tomcat;6.0.389418;org.apache.catalina.connector.RequestFacade$GetRequestDispatcherPrivilegedAction;0
Tomcat;6.0.389418;org.apache.catalina.deploy.ApplicationParameter;0
Tomcat;6.0.389418;org.apache.coyote.InputBuffer;0
Tomcat;6.0.389418;javax.servlet.jsp.JspFactory;0
Tomcat;6.0.389418;org.apache.jasper.compiler.JavacErrorDetail;1
Tomcat;6.0.389418;org.apache.naming.resources.Constants;0
Tomcat;6.0.389418;org.apache.catalina.core.StandardContextValve;2
Tomcat;6.0.389418;org.apache.jasper.xmlparser.SymbolTable$Entry;0
Tomcat;6.0.389418;org.apache.catalina.core.StandardContext;2
Tomcat;6.0.389418;org.apache.catalina.util.ProcessEnvironment;0
Tomcat;6.0.389418;org.apache.coyote.ajp.AjpAprProcessor$SocketOutputBuffer;0
Tomcat;6.0.389418;org.apache.catalina.realm.MemoryRealm;1
Tomcat;6.0.389418;org.apache.jasper.compiler.Validator$ValidateVisitor;0
Tomcat;6.0.389418;org.apache.catalina.Valve;0
Tomcat;6.0.389418;org.apache.catalina.deploy.ContextTransaction;0
Tomcat;6.0.389418;org.apache.jk.common.ChannelSocket;0
Tomcat;6.0.389418;org.apache.catalina.connector.ResponseFacade$1;0
Tomcat;6.0.389418;org.apache.tomcat.util.net.URL;0
Tomcat;6.0.389418;javax.servlet.jsp.el.ImplicitObjectELResolver$ScopeManager$1;0
Tomcat;6.0.389418;org.apache.catalina.realm.JAASRealm;1
Tomcat;6.0.389418;org.apache.naming.ResourceEnvRef;0
Tomcat;6.0.389418;org.apache.tomcat.jni.SSLSocket;0
Tomcat;6.0.389418;org.apache.jasper.runtime.JspApplicationContextImpl;0
Tomcat;6.0.389418;org.apache.naming.ContextAccessController;0
Tomcat;6.0.389418;javax.el.PropertyNotWritableException;0
Tomcat;6.0.389418;javax.el.ELContextEvent;0
Tomcat;6.0.389418;org.apache.naming.TransactionRef;0
Tomcat;6.0.389418;org.apache.catalina.Host;0
Tomcat;6.0.389418;org.apache.catalina.startup.SetPublicIdRule;0
Tomcat;6.0.389418;org.apache.jasper.compiler.ELFunctionMapper$ELFunctionVisitor;0
Tomcat;6.0.389418;org.apache.juli.ClassLoaderLogManager$1;0
Tomcat;6.0.389418;org.apache.catalina.authenticator.SingleSignOnEntry;1
Tomcat;6.0.389418;org.apache.catalina.connector.CoyoteWriter;0
Tomcat;6.0.389418;javax.servlet.jsp.el.ImplicitObjectELResolver$ScopeManager$10;0
Tomcat;6.0.389418;org.apache.catalina.core.StandardWrapperValve;0
Tomcat;6.0.389418;org.apache.tomcat.util.collections.SimpleHashtable;0
Tomcat;6.0.389418;javax.servlet.jsp.tagext.IterationTag;0
Tomcat;6.0.389418;org.apache.tomcat.util.net.AprEndpoint$Acceptor;0
Tomcat;6.0.389418;org.apache.el.parser.JJTELParserState;0
Tomcat;6.0.389418;org.apache.tomcat.util.digester.GenericParser;0
Tomcat;6.0.389418;javax.servlet.jsp.el.FunctionMapper;0
Tomcat;6.0.389418;org.apache.catalina.loader.Constants;0
Tomcat;6.0.389418;org.apache.coyote.http11.Http11Protocol$JmxHttp11ConnectionHandler;0
Tomcat;6.0.389418;org.apache.tomcat.util.collections.Queue;0
Tomcat;6.0.389418;org.apache.catalina.mbeans.StandardContextMBean;0
Tomcat;6.0.389418;org.apache.catalina.ssi.ExpressionTokenizer;0
Tomcat;6.0.389418;org.apache.catalina.util.ServerInfo;0
Tomcat;6.0.389418;javax.servlet.jsp.JspEngineInfo;0
Tomcat;6.0.389418;org.apache.catalina.session.StandardManager$PrivilegedDoLoad;0
Tomcat;6.0.389418;org.apache.catalina.session.FileStore;0
Tomcat;6.0.389418;org.apache.catalina.authenticator.NonLoginAuthenticator;0
Tomcat;6.0.389418;org.apache.tomcat.util.buf.UDecoder;0
Tomcat;6.0.389418;org.apache.catalina.Globals;0
Tomcat;6.0.389418;org.apache.catalina.startup.EngineRuleSet;0
Tomcat;6.0.389418;org.apache.tomcat.util.threads.ThreadPoolRunnable;0
Tomcat;6.0.389418;javax.el.BeanELResolver$BeanProperties;0
Tomcat;6.0.389418;org.apache.catalina.servlets.CGIServlet$CGIRunner;0
Tomcat;6.0.389418;org.apache.naming.NamingContextBindingsEnumeration;0
Tomcat;6.0.389418;org.apache.jasper.compiler.ErrorDispatcher$ErrorVisitor;0
Tomcat;6.0.389418;org.apache.catalina.core.StandardPipeline;1
Tomcat;6.0.389418;org.apache.el.util.MessageFactory;0
Tomcat;6.0.389418;org.apache.tomcat.util.http.mapper.Mapper;0
Tomcat;6.0.389418;org.apache.el.ExpressionFactoryImpl;0
Tomcat;6.0.389418;org.apache.jasper.compiler.Validator;1
Tomcat;6.0.389418;org.apache.catalina.connector.CoyoteInputStream$2;0
Tomcat;6.0.389418;javax.servlet.http.HttpSessionActivationListener;0
Tomcat;6.0.389418;org.apache.catalina.Store;0
Tomcat;6.0.389418;org.apache.catalina.users.MemoryUserCreationFactory;0
Tomcat;6.0.389418;org.apache.catalina.connector.CoyoteInputStream$5;0
Tomcat;6.0.389418;org.apache.el.parser.ELParser$JJCalls;0
Tomcat;6.0.389418;org.apache.catalina.core.DummyResponse;0
Tomcat;6.0.389418;org.apache.el.parser.ELParser;0
Tomcat;6.0.389418;org.apache.jasper.tagplugins.jstl.core.ForTokens;0
Tomcat;6.0.389418;org.apache.tomcat.util.collections.LRUCache$CacheNode;0
Tomcat;6.0.389418;org.apache.coyote.http11.InternalInputBuffer$InputStreamInputBuffer;0
Tomcat;6.0.389418;org.apache.jasper.util.SimplePool;0
Tomcat;6.0.389418;org.apache.jasper.runtime.JspRuntimeLibrary;0
Tomcat;6.0.389418;org.apache.catalina.ant.SessionsTask;0
Tomcat;6.0.389418;org.apache.catalina.connector.OutputBuffer;0
Tomcat;6.0.389418;org.apache.jasper.compiler.ELParser;1
Tomcat;6.0.389418;org.apache.catalina.core.ApplicationRequest;0
Tomcat;6.0.389418;org.apache.jk.common.HandlerRequest;0
Tomcat;6.0.389418;org.apache.tomcat.util.http.mapper.Mapper$Context;0
Tomcat;6.0.389418;org.apache.jasper.compiler.Node$UseBean;0
Tomcat;6.0.389418;org.apache.tomcat.util.buf.ReadConvertor;0
Tomcat;6.0.389418;org.apache.tomcat.util.compat.JdkCompat;0
Tomcat;6.0.389418;org.apache.tomcat.util.net.jsse.JSSE14Support$Listener;0
Tomcat;6.0.389418;org.apache.jasper.compiler.ELFunctionMapper;0
Tomcat;6.0.389418;javax.servlet.http.HttpSessionBindingListener;0
Tomcat;6.0.389418;org.apache.tomcat.util.buf.ByteChunk$ByteOutputChannel;0
Tomcat;6.0.389418;org.apache.jasper.compiler.Node$TagDirective;0
Tomcat;6.0.389418;org.apache.catalina.core.DummyRequest$1;0
Tomcat;6.0.389418;org.apache.el.parser.AstChoice;0
Tomcat;6.0.389418;org.apache.catalina.ssi.ExpressionParseTree$OppNode;0
Tomcat;6.0.389418;org.apache.tomcat.util.net.puretls.PureTLSSupport;0
Tomcat;6.0.389418;javax.el.ResourceBundleELResolver;0
Tomcat;6.0.389418;javax.servlet.jsp.tagext.TagInfo;0
Tomcat;6.0.389418;org.apache.naming.Constants;0
Tomcat;6.0.389418;org.apache.coyote.http11.InternalAprInputBuffer;0
Tomcat;6.0.389418;org.apache.el.parser.TokenMgrError;0
Tomcat;6.0.389418;org.apache.jasper.tagplugins.jstl.core.Remove;0
Tomcat;6.0.389418;org.apache.tomcat.Apr;0
Tomcat;6.0.389418;org.apache.catalina.connector.CoyoteInputStream$3;0
Tomcat;6.0.389418;javax.servlet.jsp.tagext.TagAdapter;0
Tomcat;6.0.389418;org.apache.catalina.ContainerServlet;0
Tomcat;6.0.389418;org.apache.naming.NamingContextEnumeration;0
Tomcat;6.0.389418;org.apache.jasper.compiler.ELParser$QuotedString;0
Tomcat;6.0.389418;org.apache.catalina.mbeans.MBeanFactory;0
Tomcat;6.0.389418;org.apache.catalina.Lifecycle;0
Tomcat;6.0.389418;org.apache.catalina.connector.Response$3;0
Tomcat;6.0.389418;org.apache.tomcat.util.net.jsse.JSSE15Factory;0
Tomcat;6.0.389418;org.apache.jasper.util.FastDateFormat;0
Tomcat;6.0.389418;org.apache.jasper.compiler.Parser;2
Tomcat;6.0.389418;org.apache.jk.config.WebXml2Jk$NullResolver;0
Tomcat;6.0.389418;org.apache.el.parser.ELParserConstants;0
Tomcat;6.0.389418;org.apache.catalina.ant.ReloadTask;0
Tomcat;6.0.389418;org.apache.el.parser.AstLiteralExpression;0
Tomcat;6.0.389418;org.apache.tomcat.util.http.mapper.Mapper$Wrapper;0
Tomcat;6.0.389418;org.apache.coyote.http11.filters.GzipOutputFilter;0
Tomcat;6.0.389418;org.apache.jasper.compiler.Node;2
Tomcat;6.0.389418;org.apache.catalina.servlets.CGIServlet;2
Tomcat;6.0.389418;org.apache.catalina.ant.jmx.JMXAccessorQueryTask;0
Tomcat;6.0.389418;org.apache.jasper.compiler.DefaultErrorHandler;0
Tomcat;6.0.389418;org.apache.catalina.mbeans.MemoryUserDatabaseMBean;0
Tomcat;6.0.389418;org.apache.tomcat.util.IntrospectionUtils$AttributeHolder;0
Tomcat;6.0.389418;javax.servlet.jsp.el.ExpressionEvaluator;0
Tomcat;6.0.389418;javax.el.PropertyNotFoundException;0
Tomcat;6.0.389418;org.apache.el.lang.FunctionMapperImpl$Function;0
Tomcat;6.0.389418;org.apache.catalina.connector.RequestFacade$GetHeaderNamesPrivilegedAction;0
Tomcat;6.0.389418;org.apache.catalina.LifecycleListener;0
Tomcat;6.0.389418;org.apache.jasper.xmlparser.TreeNode;0
Tomcat;6.0.389418;org.apache.jasper.el.ExpressionImpl;0
Tomcat;6.0.389418;org.apache.catalina.core.ApplicationFilterFactory;0
Tomcat;6.0.389418;org.apache.juli.ClassLoaderLogManager$RootLogger;0
Tomcat;6.0.389418;org.apache.jk.common.JniHandler;0
Tomcat;6.0.389418;org.apache.catalina.ant.ServerinfoTask;0
Tomcat;6.0.389418;org.apache.jasper.compiler.JspDocumentParser$EnableDTDValidationException;0
Tomcat;6.0.389418;org.apache.jasper.runtime.BodyContentImpl;0
Tomcat;6.0.389418;org.apache.tomcat.util.buf.Ascii;0
Tomcat;6.0.389418;org.apache.catalina.Contained;0
Tomcat;6.0.389418;org.apache.jasper.compiler.TagFileProcessor$TagFileDirectiveVisitor$NameEntry;0
Tomcat;6.0.389418;org.apache.tomcat.util.buf.C2BConverter;0
Tomcat;6.0.389418;org.apache.catalina.LifecycleException;0
Tomcat;6.0.389418;org.apache.jasper.servlet.JasperLoader;0
Tomcat;6.0.389418;org.apache.catalina.UserDatabase;0
Tomcat;6.0.389418;org.apache.catalina.connector.RequestFacade$GetParameterPrivilegedAction;0
Tomcat;6.0.389418;org.apache.coyote.Processor;0
Tomcat;6.0.389418;org.apache.el.lang.VariableMapperImpl;0
Tomcat;6.0.389418;org.apache.catalina.ant.ListTask;0
Tomcat;6.0.389418;org.apache.catalina.realm.RealmBase;0
Tomcat;6.0.389418;javax.servlet.jsp.JspPage;0
Tomcat;6.0.389418;org.apache.el.parser.AstEmpty;0
Tomcat;6.0.389418;org.apache.catalina.User;0
Tomcat;6.0.389418;org.apache.catalina.loader.WebappClassLoader$PrivilegedFindResource;0
Tomcat;6.0.389418;org.apache.jasper.security.SecurityUtil;0
Tomcat;6.0.389418;org.apache.catalina.valves.SemaphoreValve;0
Tomcat;6.0.389418;org.apache.el.parser.AstNegative;0
Tomcat;6.0.389418;org.apache.catalina.deploy.ContextLocalEjb;0
Tomcat;6.0.389418;org.apache.jk.common.ChannelUn;0
Tomcat;6.0.389418;javax.servlet.ServletResponse;0
Tomcat;6.0.389418;org.apache.tomcat.jni.Poll;0
Tomcat;6.0.389418;org.apache.el.parser.AstInteger;0
Tomcat;6.0.389418;org.apache.catalina.session.StandardSessionFacade;0
Tomcat;6.0.389418;org.apache.catalina.ssi.ExpressionParseTree$1;0
Tomcat;6.0.389418;org.apache.catalina.users.MemoryUserDatabaseFactory;0
Tomcat;6.0.389418;org.apache.tomcat.util.net.TcpConnection;0
Tomcat;6.0.389418;org.apache.jasper.compiler.Node$Visitor;0
Tomcat;6.0.389418;org.apache.jk.common.ChannelNioSocket$SocketOutputStream;0
Tomcat;6.0.389418;org.apache.jasper.EmbeddedServletOptions;1
Tomcat;6.0.389418;org.apache.catalina.session.PersistentManagerBase$PrivilegedStoreRemove;0
Tomcat;6.0.389418;javax.servlet.jsp.JspTagException;0
Tomcat;6.0.389418;org.apache.jasper.compiler.ErrorHandler;0
Tomcat;6.0.389418;org.apache.naming.resources.ResourceAttributes;1
Tomcat;6.0.389418;org.apache.naming.resources.DirContextURLStreamHandler;0
Tomcat;6.0.389418;javax.servlet.jsp.SkipPageException;0
Tomcat;6.0.389418;org.apache.catalina.realm.Constants;0
Tomcat;6.0.389418;org.apache.el.parser.AstGreaterThan;0
Tomcat;6.0.389418;org.apache.jasper.compiler.Node$AttributeGenerator;0
Tomcat;6.0.389418;javax.servlet.FilterChain;0
Tomcat;6.0.389418;org.apache.el.parser.AstTrue;0
Tomcat;6.0.389418;org.apache.tomcat.util.http.mapper.Mapper$Host;0
Tomcat;6.0.389418;org.apache.catalina.mbeans.StandardHostMBean;0
Tomcat;6.0.389418;org.apache.tomcat.util.buf.CharChunk$CharInputChannel;0
Tomcat;6.0.389418;org.apache.catalina.deploy.ContextResourceLink;0
Tomcat;6.0.389418;org.apache.tomcat.util.buf.StringCache$ByteEntry;0
Tomcat;6.0.389418;org.apache.jasper.Constants;0
Tomcat;6.0.389418;org.apache.el.parser.ELParser$LookaheadSuccess;0
Tomcat;6.0.389418;org.apache.el.ValueExpressionImpl;0
Tomcat;6.0.389418;org.apache.jasper.compiler.Validator$1;0
Tomcat;6.0.389418;org.apache.jasper.compiler.TextOptimizer;0
Tomcat;6.0.389418;org.apache.catalina.core.ApplicationFilterConfig;0
Tomcat;6.0.389418;javax.servlet.jsp.tagext.SimpleTag;0
Tomcat;6.0.389418;org.apache.catalina.loader.StandardClassLoaderMBean;0
Tomcat;6.0.389418;org.apache.catalina.ssi.SSIEcho;1
Tomcat;6.0.389418;org.apache.jasper.compiler.ELParser$1;0
Tomcat;6.0.389418;org.apache.catalina.core.ApplicationContextFacade;0
Tomcat;6.0.389418;org.apache.tomcat.util.log.SystemLogHandler;0
Tomcat;6.0.389418;javax.servlet.http.HttpServletRequest;0
Tomcat;6.0.389418;org.apache.catalina.core.ApplicationContext;1
Tomcat;6.0.389418;org.apache.catalina.users.MemoryGroupCreationFactory;0
Tomcat;6.0.389418;org.apache.naming.factory.ResourceLinkFactory;0
Tomcat;6.0.389418;org.apache.tomcat.jni.FileInfo;0
Tomcat;6.0.389418;org.apache.catalina.servlets.WebdavServlet$LockInfo;0
Tomcat;6.0.389418;org.apache.tomcat.util.buf.ByteChunk;0
Tomcat;6.0.389418;org.apache.jasper.compiler.SmapUtil$SDEInstaller;0
Tomcat;6.0.389418;org.apache.jasper.compiler.SmapUtil$PreScanVisitor;0
Tomcat;6.0.389418;org.apache.catalina.ServerFactory;0
Tomcat;6.0.389418;org.apache.catalina.startup.ExpandWar;0
Tomcat;6.0.389418;org.apache.naming.ContextBindings;0
Tomcat;6.0.389418;javax.servlet.jsp.tagext.TryCatchFinally;0
Tomcat;6.0.389418;org.apache.jasper.xmlparser.XMLStringBuffer;0
Tomcat;6.0.389418;org.apache.catalina.valves.FastCommonAccessLogValve;0
Tomcat;6.0.389418;org.apache.tomcat.jni.Global;0
Tomcat;6.0.389418;org.apache.jasper.runtime.PageContextImpl$9;0
Tomcat;6.0.389418;javax.servlet.jsp.PageContext;0
Tomcat;6.0.389418;org.apache.jasper.el.FunctionMapperImpl;0
Tomcat;6.0.389418;javax.servlet.jsp.el.ELException;0
Tomcat;6.0.389418;org.apache.catalina.util.DateTool;0
Tomcat;6.0.389418;org.apache.catalina.connector.Connector;0
Tomcat;6.0.389418;org.apache.jasper.compiler.Node$GetProperty;0
Tomcat;6.0.389418;org.apache.catalina.session.StandardManager;0
Tomcat;6.0.389418;org.apache.catalina.util.Base64;0
Tomcat;6.0.389418;javax.servlet.http.HttpServletRequestWrapper;0
Tomcat;6.0.389418;org.apache.catalina.util.IOTools;0
Tomcat;6.0.389418;javax.servlet.jsp.tagext.JspTag;0
Tomcat;6.0.389418;org.apache.tomcat.util.buf.StringCache;0
Tomcat;6.0.389418;org.apache.tomcat.util.buf.IntermediateInputStream;0
Tomcat;6.0.389418;org.apache.catalina.startup.ClusterRuleSetFactory;0
Tomcat;6.0.389418;org.apache.catalina.deploy.MessageDestination;0
Tomcat;6.0.389418;org.apache.jasper.compiler.Mark$IncludeState;0
Tomcat;6.0.389418;org.apache.jk.config.BaseJkConfig;0
Tomcat;6.0.389418;org.apache.naming.factory.Constants;0
Tomcat;6.0.389418;org.apache.catalina.startup.SetParentClassLoaderRule;0
Tomcat;6.0.389418;org.apache.catalina.connector.Request;1
Tomcat;6.0.389418;org.apache.jasper.el.ELContextImpl$1;0
Tomcat;6.0.389418;org.apache.el.parser.SimpleNode;0
Tomcat;6.0.389418;org.apache.tomcat.util.buf.MessageBytes$MessageBytesFactory;0
Tomcat;6.0.389418;org.apache.catalina.ant.jmx.Arg;0
Tomcat;6.0.389418;org.apache.jasper.Options;0
Tomcat;6.0.389418;org.apache.jasper.tagplugins.jstl.core.Set;0
Tomcat;6.0.389418;org.apache.tomcat.util.digester.ParserFeatureSetterFactory;0
Tomcat;6.0.389418;org.apache.catalina.deploy.ContextEjb;0
Tomcat;6.0.389418;org.apache.catalina.core.ApplicationResponse;0
Tomcat;6.0.389418;org.apache.catalina.valves.PersistentValve;1
Tomcat;6.0.389418;org.apache.coyote.http11.InternalOutputBuffer$OutputStreamOutputBuffer;0
Tomcat;6.0.389418;org.apache.jasper.tagplugins.jstl.core.Import;0
Tomcat;6.0.389418;org.apache.catalina.Server;0
Tomcat;6.0.389418;org.apache.catalina.util.CharsetMapper;0
Tomcat;6.0.389418;org.apache.catalina.session.PersistentManagerBase$PrivilegedStoreLoad;0
Tomcat;6.0.389418;org.apache.tomcat.jni.Mmap;0
Tomcat;6.0.389418;org.apache.catalina.connector.InputBuffer$1;0
Tomcat;6.0.389418;org.apache.catalina.mbeans.GlobalResourcesLifecycleListener;0
Tomcat;6.0.389418;org.apache.catalina.Group;0
Tomcat;6.0.389418;org.apache.jasper.compiler.Generator;6
Tomcat;6.0.389418;org.apache.catalina.ssi.SSIProcessor;2
Tomcat;6.0.389418;org.apache.catalina.ant.jmx.JMXAccessorInvokeTask;0
Tomcat;6.0.389418;org.apache.jasper.runtime.PageContextImpl$3;0
Tomcat;6.0.389418;org.apache.coyote.Adapter;0
Tomcat;6.0.389418;org.apache.jasper.runtime.PageContextImpl$11;0
Tomcat;6.0.389418;org.apache.catalina.startup.CreateLoaderRule;0
Tomcat;6.0.389418;org.apache.catalina.core.ApplicationDispatcher$PrivilegedForward;0
Tomcat;6.0.389418;org.apache.jasper.compiler.Node$SetProperty;0
Tomcat;6.0.389418;org.apache.el.parser.ELParserTokenManager;0
Tomcat;6.0.389418;org.apache.jasper.compiler.ImplicitTagLibraryInfo;0
Tomcat;6.0.389418;org.apache.catalina.core.ContainerBase;0
Tomcat;6.0.389418;org.apache.tomcat.util.net.puretls.PureTLSSocket;0
Tomcat;6.0.389418;javax.servlet.jsp.tagext.TagLibraryValidator;0
Tomcat;6.0.389418;org.apache.jasper.compiler.Node$Nodes;0
Tomcat;6.0.389418;org.apache.naming.resources.RecyclableNamingEnumeration;0
Tomcat;6.0.389418;org.apache.catalina.realm.JNDIRealm;0
Tomcat;6.0.389418;javax.servlet.jsp.tagext.JspIdConsumer;0
Tomcat;6.0.389418;org.apache.tomcat.util.http.MimeHeaders;0
Tomcat;6.0.389418;org.apache.catalina.ssi.SSIExternalResolver;0
Tomcat;6.0.389418;org.apache.jasper.tagplugins.jstl.core.Otherwise;0
Tomcat;6.0.389418;org.apache.jasper.compiler.TagFileProcessor$TagFileLoaderVisitor;0
Tomcat;6.0.389418;org.apache.catalina.util.CGIProcessEnvironment;0
Tomcat;6.0.389418;javax.servlet.ServletContextAttributeListener;0
Tomcat;6.0.389418;javax.servlet.ServletContextEvent;0
Tomcat;6.0.389418;javax.servlet.ServletException;0
Tomcat;6.0.389418;org.apache.jk.common.ModJkMX$MBeanProxy;0
Tomcat;6.0.389418;org.apache.juli.ClassLoaderLogManager;2
Tomcat;6.0.389418;org.apache.tomcat.util.net.jsse.JSSEKeyManager;0
Tomcat;6.0.389418;org.apache.catalina.ContainerEvent;0
Tomcat;6.0.389418;org.apache.catalina.valves.RemoteAddrValve;0
Tomcat;6.0.389418;org.apache.jk.common.ModJkMX;0
Tomcat;6.0.389418;org.apache.tomcat.util.net.jsse.JSSE14Support;0
Tomcat;6.0.389418;org.apache.tomcat.util.threads.ThreadPool$ThreadPoolListener;0
Tomcat;6.0.389418;org.apache.coyote.memory.MemoryProtocolHandler$ByteChunkOutputBuffer;0
Tomcat;6.0.389418;org.apache.catalina.startup.WrapperCreateRule;0
Tomcat;6.0.389418;org.apache.catalina.core.ApplicationFilterChain;1
Tomcat;6.0.389418;org.apache.jasper.compiler.ELNode$Root;0
Tomcat;6.0.389418;org.apache.tomcat.util.digester.CallParamRule;0
Tomcat;6.0.389418;javax.servlet.http.HttpSessionAttributeListener;0
Tomcat;6.0.389418;org.apache.tomcat.util.res.StringManager;0
Tomcat;6.0.389418;org.apache.catalina.startup.SetLoginConfig;0
Tomcat;6.0.389418;org.apache.el.parser.Node;0
Tomcat;6.0.389418;org.apache.naming.factory.MailSessionFactory$1;0
Tomcat;6.0.389418;javax.servlet.jsp.tagext.TagSupport;0
Tomcat;6.0.389418;org.apache.catalina.session.Constants;0
Tomcat;6.0.389418;org.apache.tomcat.jni.ProcErrorCallback;0
Tomcat;6.0.389418;org.apache.catalina.connector.RequestFacade$GetCharacterEncodingPrivilegedAction;0
Tomcat;6.0.389418;org.apache.catalina.users.Constants;0
Tomcat;6.0.389418;javax.servlet.ServletContext;0
Tomcat;6.0.389418;javax.servlet.jsp.JspWriter;0
Tomcat;6.0.389418;org.apache.jasper.compiler.Node$JspOutput;0
Tomcat;6.0.389418;org.apache.catalina.ssi.SSIPrintenv;0
Tomcat;6.0.389418;org.apache.catalina.connector.OutputBuffer$1;0
Tomcat;6.0.389418;org.apache.catalina.core.ApplicationHttpRequest;0
Tomcat;6.0.389418;org.apache.coyote.Response;0
Tomcat;6.0.389418;org.apache.tomcat.util.threads.Reaper;0
Tomcat;6.0.389418;org.apache.catalina.mbeans.ContextResourceMBean;0
Tomcat;6.0.389418;org.apache.tomcat.util.digester.PathCallParamRule;0
Tomcat;6.0.389418;javax.servlet.jsp.tagext.BodyTagSupport;0
Tomcat;6.0.389418;org.apache.jasper.tagplugins.jstl.Util;0
Tomcat;6.0.389418;org.apache.jasper.compiler.Node$ParamsAction;0
Tomcat;6.0.389418;org.apache.jasper.compiler.Node$IncludeDirective;0
Tomcat;6.0.389418;org.apache.el.parser.Token;0
Tomcat;6.0.389418;org.apache.tomcat.util.net.AprEndpoint$WorkerStack;0
Tomcat;6.0.389418;org.apache.tomcat.util.collections.MultiMapNamesEnumeration;0
Tomcat;6.0.389418;org.apache.tomcat.jni.Stdlib;0
Tomcat;6.0.389418;org.apache.jasper.runtime.PageContextImpl$13;0
Tomcat;6.0.389418;org.apache.coyote.ProtocolHandler;0
Tomcat;6.0.389418;org.apache.tomcat.util.buf.MessageBytes;0
Tomcat;6.0.389418;org.apache.el.lang.ExpressionBuilder;0
Tomcat;6.0.389418;org.apache.tomcat.util.http.mapper.Mapper$MapElement;0
Tomcat;6.0.389418;org.apache.coyote.ajp.AjpAprProtocol;0
Tomcat;6.0.389418;org.apache.catalina.util.StringManager;0
Tomcat;6.0.389418;org.apache.el.parser.AstLessThan;0
Tomcat;6.0.389418;org.apache.catalina.Manager;0
Tomcat;6.0.389418;org.apache.naming.ResourceLinkRef;0
Tomcat;6.0.389418;org.apache.coyote.ajp.AjpAprProcessor;0
Tomcat;6.0.389418;org.apache.coyote.http11.InternalAprOutputBuffer;0
Tomcat;6.0.389418;org.apache.catalina.mbeans.GroupMBean;0
Tomcat;6.0.389418;org.apache.catalina.ant.jmx.JMXAccessorGetTask;0
Tomcat;6.0.389418;org.apache.naming.factory.MailSessionFactory;0
Tomcat;6.0.389418;org.apache.catalina.util.CookieTools;0
Tomcat;6.0.389418;org.apache.catalina.valves.ExtendedAccessLogValve;0
Tomcat;6.0.389418;org.apache.el.lang.ELArithmetic$BigIntegerDelegate;0
Tomcat;6.0.389418;org.apache.naming.NameParserImpl;0
Tomcat;6.0.389418;org.apache.jasper.runtime.JspWriterImpl;0
Tomcat;6.0.389418;org.apache.naming.resources.FileDirContext$FileResource;0
Tomcat;6.0.389418;org.apache.catalina.startup.TldRuleSet;0
Tomcat;6.0.389418;org.apache.jasper.compiler.JspUtil;0
Tomcat;6.0.389418;org.apache.catalina.util.Enumerator;0
Tomcat;6.0.389418;org.apache.tomcat.util.digester.NodeCreateRule$NodeBuilder;0
Tomcat;6.0.389418;org.apache.catalina.connector.ResponseFacade;0
Tomcat;6.0.389418;org.apache.el.parser.ELParserTreeConstants;0
Tomcat;6.0.389418;org.apache.coyote.memory.MemoryProtocolHandler$ByteChunkInputBuffer;0
Tomcat;6.0.389418;org.apache.jasper.compiler.PageInfo;0
Tomcat;6.0.389418;org.apache.jk.config.GeneratorApache2;0
Tomcat;6.0.389418;org.apache.tomcat.util.http.ContentType;1
Tomcat;6.0.389418;org.apache.catalina.mbeans.ServerLifecycleListener;0
Tomcat;6.0.389418;org.apache.catalina.startup.DigesterFactory;0
Tomcat;6.0.389418;org.apache.catalina.valves.JDBCAccessLogValve;0
Tomcat;6.0.389418;org.apache.catalina.startup.Catalina$CatalinaShutdownHook;0
Tomcat;6.0.389418;javax.servlet.http.Cookie;0
Tomcat;6.0.389418;org.apache.catalina.ssi.SSIInclude;0
Tomcat;6.0.389418;org.apache.juli.ClassLoaderLogManager$2;0
Tomcat;6.0.389418;org.apache.jasper.compiler.AntCompiler;1
Tomcat;6.0.389418;javax.servlet.jsp.JspContext;0
Tomcat;6.0.389418;org.apache.catalina.servlets.WebdavServlet;2
Tomcat;6.0.389418;org.apache.jk.common.WorkerDummy;0
Tomcat;6.0.389418;org.apache.catalina.Service;0
Tomcat;6.0.389418;org.apache.catalina.ant.BaseRedirectorHelperTask;0
Tomcat;6.0.389418;org.apache.catalina.mbeans.ConnectorMBean;0
Tomcat;6.0.389418;org.apache.catalina.connector.CoyoteReader;0
Tomcat;6.0.389418;org.apache.coyote.http11.InputFilter;0
Tomcat;6.0.389418;org.apache.catalina.InstanceListener;0
Tomcat;6.0.389418;org.apache.coyote.ajp.Constants;0
Tomcat;6.0.389418;org.apache.jasper.compiler.Node$FallBackAction;0
Tomcat;6.0.389418;org.apache.tomcat.util.digester.ObjectCreateRule;0
Tomcat;6.0.389418;org.apache.jasper.compiler.ELNode$Function;0
Tomcat;6.0.389418;org.apache.el.parser.AstAnd;0
Tomcat;6.0.389418;javax.servlet.http.HttpServletResponseWrapper;0
Tomcat;6.0.389418;org.apache.catalina.SessionEvent;0
Tomcat;6.0.389418;org.apache.catalina.session.StandardSession;1
Tomcat;6.0.389418;org.apache.el.lang.VariableMapperFactory;0
Tomcat;6.0.389418;org.apache.catalina.util.URLEncoder;0
Tomcat;6.0.389418;org.apache.coyote.ajp.AjpAprProtocol$AjpConnectionHandler;0
Tomcat;6.0.389418;org.apache.tomcat.util.digester.Rule;0
Tomcat;6.0.389418;org.apache.tomcat.util.http.NamesEnumerator;0
Tomcat;6.0.389418;org.apache.el.lang.EvaluationContext;1
Tomcat;6.0.389418;org.apache.el.parser.AstNot;0
Tomcat;6.0.389418;org.apache.jasper.el.JspMethodExpression;0
Tomcat;6.0.389418;javax.servlet.http.HttpSessionListener;0
Tomcat;6.0.389418;org.apache.jasper.compiler.Validator$ValidateVisitor$1ValidateFunctionMapper;0
Tomcat;6.0.389418;org.apache.catalina.core.ApplicationDispatcher$PrivilegedInclude;0
Tomcat;6.0.389418;org.apache.tomcat.util.digester.WithDefaultsRulesWrapper;0
